,Reigion Name,Country,Urbanisation,iso_3166_2_code,Reigion Area (ha),"COVID-19 Death Rate April-May (per 100,000)",Gross Income Per Head (2018 pounds),Mobility Retail & Recreation Average Post Lockdown (% from baseline),Mobility Retail & Recreation Rate of Change Post Lockdown (% from baseline per day),Mobility Parks Average Post lockdown (% from baseline),Mobility Park Rate of Change Post lockdown  (% from baseline per day),Mobility Grocery & Pharmacy Average Post Lockdown (% from baseline),Mobility Grocery & Pharmacy Rate of Change Post Lockdown (% from baseline per day),Mobility Transit Stations Average Post lockdown (% from baseline),Mobility Transit Station Rate of Change Post lockdown  (% from baseline per day),Mobility Workplaces Average Post lockdown (% from baseline),Mobility Workplaces Rate of Change Post lockdown  (% from baseline per day),Mobility Residential Average Post Lockdown (% from Baseline),Mobility Residential Rate of Change Post Lockdown (% from Baseline),Greenspace Number,Greenspace Area (ha),Greenspace Average Area (ha),Greenspace Fraction,Greenspace (non-sport) Number,Greenspace (non-sport) Area (ha),Greenspace (non-sport) Average Area (ha),Greenspace (non-sport) Fraction,Greenspace (sport) Number,Greenspace (sport) Area (ha),Greenspace (sport) Average Area (ha),Greenspace (sport) Fraction,Alloments Number,Alloments Area (ha),Alloments Average Area (ha),Alloments Fraction,Bowling Number,Bowling Area (ha),Bowling Average Area (ha),Bowling Fraction,Cemetery Number,Cemetery Area (ha),Cemetery Average Area (ha),Cemetery Fraction,Golf Course Number,Golf Course Area (ha),Golf Course Average Aera,Golf Course Fraction,Other Sport Number,Other Sport Area (ha),Other Sport Average Area (ha),Other Sport Fraction,Religious Grounds Number,Religious Grounds Area (ha),Religious Grounds Average Area (ha),Religious Grounds Fraction,Tennis Court Number,Tennis Court Area (ha),Tennis Court Average Area (ha),Tennis Court Fraction,Public Park or Garden Number,Public Park or Garden Area (ha),Public Park or Garden Average Area (ha),Public Park or Garden Fraction,Playing Field Number,Playing Field Area (ha),Playing Field Average Area (ha),Playing Field Fraction,Play Space Number,Play Space Area (ha),Play Space Average Aera,Play Space Fraction
0,Aberdeen City,Scotland,Urban,GB-ABE,22157.78164,,21648,-76.22580645,0.151472651,16.60674157,1.225295116,-25.03225806,0.168213422,-64.56989247,0.102279848,-60.90322581,0.198069291,24.64473684,-0.111047447,433,1571.60916,3.629582356,0.070928091,333,847.5120326,2.545081179,0.038248957,148,835.8771948,5.647818884,0.037723866,23,14.25975162,0.619989201,0.000643555,25,9.365075015,0.374603001,0.000422654,17,35.49236991,2.087786465,0.001601802,13,580.4307107,44.64851621,0.026195344,47,130.9077585,2.785271459,0.005907981,40,16.14090097,0.403522524,0.000728453,15,3.393583125,0.226238875,0.000153155,30,650.6431977,21.68810659,0.029364095,48,111.7800674,2.328751403,1,175,19.19574499,0.109689971,1
1,Aberdeenshire,Scotland,Rural,GB-ABD,0,,21648,-59.64516129,0.28745785,-6.311827957,0.598639253,-27.43010753,0.187699561,-47.70967742,0.224060756,-55.80645161,0.238220286,23.22535211,-0.093269119,1111,2848.547401,2.563949056,0.004517413,905,1022.944247,1.130325135,0.001622252,357,2097.958777,5.87663523,0.00332708,21,11.42561786,0.544077041,1.81E-05,60,16.67519266,0.277919878,2.64E-05,142,111.5880604,0.785831411,0.000176964,48,1485.206704,30.94180632,0.002355338,60,319.5723212,5.326205354,0.000506799,139,51.56162446,0.370946939,8.18E-05,38,4.148936305,0.109182534,6.58E-06,47,522.8679158,11.12484927,0.000829198,151,272.3556233,1.803679625,1,405,53.14540527,0.131223223,1
2,Angus Council,Scotland,Rural,GB-ANS,0,,18103,-62.86021505,0.334904957,4.27027027,0.72548268,-20.20430108,0.261481305,-39.77419355,0.282578855,-53.66666667,0.247620184,18.8372093,-0.049661037,401,1564.979422,3.902691825,0.007416365,314,724.1687603,2.306269937,0.003431802,139,950.3906184,6.837342578,0.004503857,9,5.231349555,0.581261062,2.48E-05,25,6.985136255,0.27940545,3.31E-05,39,55.11870911,1.413300234,0.000261205,16,773.2778882,48.32986801,0.003664528,34,58.87255308,1.731545679,0.000278994,58,19.39572236,0.334409006,9.19E-05,12,1.675084115,0.139590343,7.94E-06,39,519.2155688,13.31321971,0.002460539,52,109.5799568,2.107306861,1,117,15.62745372,0.133567981,1
3,Argyll and Bute Council,Scotland,Rural,GB-AGB,0,,18760,-64.91025641,0.319168832,-20.94565217,0.522410013,-28.74193548,0.211945331,-46.41935484,0.335904628,-55.30107527,0.230327355,,,530,1775.133201,3.349307927,0.002523419,418,660.5644603,1.580297752,0.000939018,158,1172.035238,7.417944544,0.001666093,5,1.54077332,0.308154664,2.19E-06,23,7.755783387,0.337207973,1.10E-05,122,74.6450144,0.61184438,0.000106111,28,1046.160436,37.3628727,0.001487157,47,59.20477195,1.259675999,8.42E-05,83,22.89302472,0.275819575,3.25E-05,14,1.447750132,0.103410724,2.06E-06,28,494.69346,17.66762357,0.000703226,46,57.46649693,1.249271672,1,134,9.32569098,0.069594709,1
4,Bath and North East Somerset,England,Urban,GB-BAS,0,6.3,22625,-81.04301075,0.189131927,2.902173913,1.077723501,-32.43010753,0.228551819,-63.16129032,0.313538838,-64.77419355,0.255960729,25.95238095,-0.093670924,550,864.6188855,1.572034337,0.024434199,431,449.643539,1.043256471,0.012706962,222,664.9027141,2.995057271,0.018790204,51,34.85695212,0.683469649,0.00098506,17,4.761197415,0.280070436,0.000134552,28,42.63918828,1.522828153,0.001204987,8,228.1717565,28.52146956,0.006448152,57,176.9564672,3.104499425,0.005000804,83,24.34457803,0.293308169,0.00068798,37,5.085925355,0.137457442,0.000143729,30,80.61476094,2.687158698,0.00227818,103,249.9273677,2.426479298,1,136,17.26069198,0.126916853,1
5,Bedford,England,Urban,GB-BDF,0,32.1,21986,-67.49462366,0.344334696,4.057692308,0.815449042,-22.90322581,0.251395064,-56.58064516,0.278281758,-52.72043011,0.287726418,23.33783784,-0.140871823,941,2197.664346,2.335456266,0.059640681,721,1259.924735,1.747468426,0.034192104,407,1311.144272,3.221484698,0.035582111,100,307.2581935,3.072581935,0.008338438,56,13.9521133,0.24914488,0.000378635,62,116.4268492,1.877852406,0.003159617,29,791.9663866,27.30918575,0.021492552,107,127.8219081,1.194597272,0.003468858,123,40.15562767,0.326468518,0.001089752,28,3.99920324,0.142828687,0.000108531,59,406.819853,6.895251746,0.011040363,187,373.4046609,1.996816369,1,190,15.85955074,0.08347132,1
6,Blackburn with Darwen,England,Urban,GB-BBD,0,23.9,13741,-64.59139785,0.350854943,-42,-0.28,-21.83870968,0.227626749,-52.23655914,0.395407478,-48.4516129,0.321595894,20.44776119,-0.110444955,336,701.2875536,2.087165338,0.051228497,248,530.1804285,2.137824308,0.038729258,132,327.3441403,2.479879851,0.023912229,29,25.79714375,0.889556681,0.001884461,28,7.59144878,0.271123171,0.000554549,16,52.35192171,3.271995107,0.003824266,6,126.0964506,21.01607511,0.009211245,44,36.06617232,0.819685734,0.002634605,43,16.9264325,0.393637965,0.001236462,10,1.353053325,0.135305333,9.88E-05,19,273.5972583,14.3998557,0.019986062,44,156.2370152,3.550841255,1,97,5.270657025,0.05433667,1
7,Blackpool,England,Urban,GB-BPL,0,29.3,15986,-70.76344086,0.209155203,5.557377049,1.329520005,-19,0.30636209,-39.60215054,0.515576975,-50.78494624,0.278610009,18.02857143,-0.102443205,143,361.4280046,2.527468564,0.124482263,87,173.7118417,1.996687836,0.059829462,76,242.4503217,3.190135812,0.083504223,10,12.99731513,1.299731513,0.004476508,16,5.925692335,0.370355771,0.002040914,4,11.3332481,2.833312025,0.003903373,4,148.3144603,37.07861508,0.05108215,31,31.39977845,1.012896079,0.010814645,15,6.90728471,0.460485647,0.002378992,5,2.076231811,0.415246362,0.000715091,12,84.49173347,7.04097779,0.029100463,20,54.7341588,2.73670794,1,26,3.248101477,0.12492698,1
8,Blaenau Gwent,Wales,Urban,GB-BGW,0,9.2,15587,-55.51470588,0.246625986,,,-23.20430108,0.305571305,-28.0375,0.348635206,-43.62365591,0.31264361,13,0.01294964,198,435.8193937,2.201108049,0.042561943,163,294.5475871,1.807040412,0.028765397,67,198.2022108,2.958241953,0.019356347,23,10.46748178,0.455107903,0.00102225,9,2.55741219,0.28415691,0.000249756,14,44.65306519,3.189504656,0.0043608,3,111.9274161,37.30913871,0.010930786,20,26.29769505,1.314884752,0.002568222,23,6.05923893,0.263445171,0.000591743,3,0.489283215,0.163094405,4.78E-05,11,171.8474116,15.62249196,0.016782548,32,56.93040425,1.779075133,1,60,4.58998539,0.076499757,1
9,Borough of Halton,England,Urban,GB-HAL,0,27.7,,-60.39784946,0.259467041,-9.565217391,1.047568723,-23.17204301,0.263167318,-46.6344086,0.298857092,-50.44086022,0.289904807,21.15873016,-0.090136362,246,461.4536815,1.875827974,0.056770536,186,388.5101235,2.088764105,0.047796624,94,189.7790805,2.018926388,0.023347652,16,9.12913816,0.570571135,0.001123116,21,5.594570007,0.266408096,0.000688274,3,21.6107223,7.203574102,0.002658668,2,58.00579527,29.00289763,0.007136188,32,7.099049794,0.221845306,0.000873364,30,11.57542134,0.385847378,0.001424071,5,2.24414297,0.448828594,0.000276087,35,222.6230094,6.360657412,0.027388291,34,116.8355225,3.436338896,1,68,6.73630982,0.09906338,1
10,Bracknell Forest,England,Urban,GB-BRC,0,11.2,,-67.30107527,0.230745128,1.307692308,1.17130447,-23.90322581,0.143773686,-58.41935484,0.332428158,-60.5483871,0.304870043,26.40816327,-0.092667094,280,1120.261649,4.000934459,0.103862957,205,638.4076145,3.114183485,0.059188764,108,596.4359515,5.522555106,0.05529744,15,7.911065815,0.527404388,0.00073346,2,0.670680905,0.335340452,6.22E-05,8,9.593208885,1.199151111,0.000889416,10,360.7380456,36.07380456,0.033445151,41,114.1038107,2.783019772,0.010578921,19,12.36773737,0.650933546,0.001146652,22,6.341496924,0.28824986,0.00058794,33,485.112359,14.70037451,0.044976282,33,114.5819174,3.472179314,1,97,8.841326067,0.091147691,1
11,Bridgend County Borough,Wales,Urban,GB-BGE,0,14,,-69.37634409,0.21442213,-15.76190476,0.679732957,-21.4516129,0.234102235,-55.05376344,0.126973233,-51.83870968,0.306600818,21.71428571,-0.084977106,351,562.6461524,1.602980491,0.021244632,295,273.652491,0.927635563,0.010332687,117,430.7418158,3.681553981,0.016264132,50,25.73413923,0.514682785,0.000971681,15,5.366951795,0.357796786,0.000202648,18,24.29963354,1.349979641,0.000917516,5,243.5409831,48.70819661,0.009195724,22,38.23733229,1.738060559,0.001443781,33,9.98283484,0.302510147,0.000376936,14,1.84839417,0.132028155,6.98E-05,9,62.90223694,6.989137437,0.002375089,61,141.7481545,2.323740238,1,124,8.985491995,0.072463645,1
12,Brighton and Hove,England,Urban,GB-BNH,0,18.9,22437,-74.37634409,0.266196174,27.21111111,1.402582434,-30.1827957,0.22386679,-63.64516129,0.281236012,-64.74193548,0.251171257,23.72839506,-0.152226201,323,829.1559758,2.567046365,0.114279927,210,409.58754,1.950416857,0.056452146,148,519.8493636,3.5124957,0.071649182,32,57.0940428,1.784188838,0.00786909,15,5.749776175,0.383318412,0.000792473,11,69.67179542,6.333799584,0.009602642,7,304.1990204,43.45700291,0.041926782,51,103.2409098,2.024331564,0.014229366,31,8.519106285,0.27480988,0.001174161,40,6.378729455,0.159468236,0.00087916,28,165.2253286,5.900904595,0.022772481,35,100.2809278,2.865169366,1,73,8.796339047,0.120497795,1
13,Bristol City,England,Urban,GB-BST,0,12.3,19692,-76.65591398,0.181746292,45.50537634,1.350690818,-29.43010753,0.217361463,-73.82795699,0.189176688,-62.02150538,0.259467041,24.89247312,-0.122288204,670,1715.550122,2.56052257,0.151653594,507,1350.067162,2.662854363,0.119345121,215,599.4764601,2.788262605,0.052993357,110,111.7529933,1.015936303,0.009878897,25,7.262470638,0.290498826,0.000641998,19,62.19475278,3.273408041,0.005497979,5,199.5012034,39.90024068,0.017635786,94,153.4657771,1.63261465,0.013566282,82,24.60288036,0.300035126,0.00217488,39,5.25350894,0.134705357,0.000464407,88,899.4677982,10.22122498,0.07951241,52,233.9935001,4.499875001,1,156,18.0552373,0.115738701,1
14,Buckinghamshire,England,Rural,GB-BKM,0,14.6,30079,-66.09677419,0.254468682,20.55913978,1.017665841,-24.90322581,0.224284563,-58.16129032,0.337680165,-58.79569892,0.324833637,23.70967742,-0.118035869,1542,4424.820958,2.869533695,0.028959862,1207,2237.013673,1.853366755,0.014640956,591,2855.454076,4.831563581,0.018688565,177,168.6376616,0.95275515,0.001103711,36,9.952903309,0.276469536,6.51E-05,65,66.59682299,1.024566508,0.000435867,48,1928.017501,40.16703126,0.012618617,140,227.0502201,1.621787286,0.001486013,236,99.63652724,0.422188675,0.000652108,111,22.78666107,0.205285235,0.000149136,114,1193.2077,10.46673421,0.007809385,256,667.6467914,2.607995279,1,359,41.2881698,0.11500883,1
15,Caerphilly County Borough,Wales,Urban,GB-CAY,0,7.1,,-58.2688172,0.320029244,-20.73015873,0.386490075,-20.04301075,0.275924323,-44.04301075,0.292635254,-50.82795699,0.29156098,21.32857143,-0.096697927,513,1136.13191,2.214682087,0.04670527,412,853.282906,2.071075015,0.035077625,183,460.7104006,2.517543173,0.018939353,105,68.40894453,0.651513757,0.002812225,22,6.44105755,0.292775343,0.000264786,24,42.10852447,1.754521853,0.00173104,8,170.0868401,21.26085501,0.006992103,53,104.1647536,1.965372709,0.004282111,50,19.96507943,0.399301589,0.000820745,18,2.15635322,0.119797401,8.86E-05,30,537.5670268,17.91890089,0.022098854,82,177.8613961,2.169041416,1,121,7.371934606,0.060925079,1
16,Cambridgeshire,England,Rural,GB-CAM,0,18.6,23413,-73.02150538,0.202411149,12.56989247,1.025454328,-26.4516129,0.205663812,-66.52688172,0.279087464,-58.55913978,0.270403748,23.10752688,-0.102727463,2753,6008.401931,2.182492528,0.013130685,2231,3784.515044,1.696331261,0.008270631,930,3174.33107,3.413259215,0.006937143,278,329.2279457,1.184273186,0.000719491,138,32.35276651,0.234440337,7.07E-05,157,159.180563,1.013888936,0.000347871,49,1802.346956,36.78259095,0.003938826,211,373.3098046,1.76924078,0.000815827,456,200.7890306,0.440326821,0.000438802,124,15.87735919,0.128043219,3.47E-05,140,2050.345333,14.64532381,0.004480799,408,950.4441833,2.329520057,1,792,94.52798872,0.119353521,1
17,Cardiff,Wales,Urban,GB-CRF,0,30.7,17690,-75.10752688,0.169601027,-20.87096774,0.603816657,-29.4516129,0.203440661,-72.07526882,0.187132583,-62.53763441,0.231535914,23.25806452,-0.086971442,482,1328.87777,2.757007821,0.090567046,355,896.4493917,2.525209554,0.061095742,189,748.1277239,3.958347745,0.050987171,29,76.0043453,2.620839493,0.005179926,20,6.816593215,0.340829661,0.000464571,12,64.38793764,5.36566147,0.004388233,10,245.8963289,24.58963289,0.01675858,67,173.3315115,2.587037485,0.011813068,58,17.24333238,0.297298834,0.001175185,30,6.38394426,0.212798142,0.000435085,68,411.9854604,6.058609712,0.028078057,62,315.699346,5.091924936,1,126,11.12896991,0.088325158,1
18,Carmarthenshire,Wales,Rural,GB-CMN,0,15.3,,-65.72043011,0.201575602,-14.47311828,0.654740235,-18.04301075,0.264644445,-46.7311828,0.222389663,-51.12903226,0.284130584,20.17142857,-0.087010755,808,1499.766285,1.856146393,0.006298532,705,977.9631051,1.387181709,0.004107128,221,791.375065,3.580882647,0.003323519,14,9.706290725,0.69330648,4.08E-05,22,6.47632069,0.294378213,2.72E-05,131,60.29304916,0.460252284,0.000253211,11,442.0088309,40.18262099,0.001856294,36,69.86051231,1.940569786,0.000293392,222,73.78287459,0.332355291,0.000309864,34,3.457516232,0.101691654,1.45E-05,27,547.6738647,20.28421721,0.002300053,118,269.5718849,2.284507499,1,193,16.93514099,0.087746845,1
19,Central Bedfordshire,England,Urban,GB-CBF,0,26.1,22037,-61.94623656,0.305795112,30.21590909,0.901605894,-19.94623656,0.248619856,-48.80645161,0.502372355,-55.65591398,0.334755752,23.3255814,-0.142668238,836,2355.366143,2.817423616,0.029434967,679,1288.183968,1.897178155,0.016098411,286,1389.831441,4.859550494,0.017368698,70,84.48006488,1.20685807,0.001055746,26,6.99994941,0.269228823,8.75E-05,39,39.28322747,1.007262243,0.000490922,18,963.317166,53.51762034,0.012038557,70,92.47411836,1.321058834,0.001155647,113,52.21990004,0.462123009,0.000652591,43,4.390942025,0.102114931,5.49E-05,42,760.4141289,18.10509831,0.009502881,129,322.6492655,2.501157097,1,286,29.13738068,0.101878953,1
20,Ceredigion,Wales,Rural,GB-CGN,0,:,,-74.89247312,0.131419534,-28.25806452,0.449106264,-33.40860215,0.173122258,-53.83516484,0.226757261,-56.69892473,0.235325714,,,413,479.8897718,1.161960707,0.002555464,362,196.626055,0.543165898,0.001047055,98,377.4443209,3.851472662,0.002009931,9,4.424057335,0.491561926,2.36E-05,9,2.69909118,0.29989902,1.44E-05,66,22.7243438,0.344308239,0.00012101,7,237.3490303,33.90700433,0.001263909,22,41.37456192,1.880661906,0.000220324,151,58.3027893,0.386111187,0.000310469,13,1.841033357,0.141617951,9.80E-06,18,9.490445364,0.527246965,5.05E-05,47,94.18060413,2.003842641,1,71,7.503815105,0.105687537,1
21,Cheshire East,England,Urban,GB-CHE,0,33.8,24524,-67.07526882,0.222941721,9.784946237,1.150935514,-24.69892473,0.269911372,-59.53763441,0.34509564,-55.58064516,0.300304378,21.17204301,-0.105428068,923,2840.729278,3.077713193,0.024511062,689,1479.767075,2.147702576,0.012768081,395,1696.614367,4.295226244,0.014639135,63,44.40467048,0.704836039,0.000383143,74,16.4230186,0.221932684,0.000141705,33,59.48067603,1.802444728,0.000513225,33,1178.345595,35.70744228,0.010167284,85,157.526306,1.853250659,0.001359206,134,54.80180637,0.408968704,0.000472854,42,8.667282805,0.206363876,7.48E-05,79,963.456157,12.19564756,0.008313124,161,335.652164,2.084796049,1,219,21.97160118,0.100326946,1
22,Cheshire West and Chester,England,Urban,GB-CHW,0,29.2,21818,-72.47311828,0.260869565,5.23655914,1.06518755,-24.52688172,0.288845454,-59.5483871,0.297708215,-56.87096774,0.277759542,21.11827957,-0.10421951,896,3148.286401,3.513712501,0.035311007,670,1761.766528,2.629502281,0.019759876,364,1652.664088,4.540285956,0.018536189,52,42.15453244,0.810664085,0.000472803,66,14.095642,0.213570333,0.000158096,23,41.75094995,1.815258694,0.000468276,28,1072.457553,38.30205547,0.012028625,94,291.0706804,3.0964966,0.003264633,115,55.21785165,0.480155232,0.00061932,38,8.895996695,0.234105176,9.98E-05,106,1329.383548,12.54135422,0.014910293,138,266.1442158,1.928581274,1,236,27.1154307,0.114895893,1
23,Clackmannanshire,Scotland,Rural,GB-CLK,0,,18751,-63.04081633,0.272362157,,,-18.58064516,0.201486079,-50.1,0.169985076,-54.38709677,0.27016502,,,163,452.4368606,2.775686261,0.026690558,135,192.2407357,1.42400545,0.011340836,51,305.0478089,5.981329587,0.017995652,4,3.424446105,0.856111526,0.000202018,13,3.833604835,0.29489268,0.000226155,7,13.87863032,1.982661474,0.000818741,7,246.6122444,35.23032063,0.014548369,8,9.750275565,1.218784446,0.000575197,13,5.83545752,0.448881348,0.00034425,0,0,,0,14,118.4157114,8.4582651,0.006985685,23,44.85168409,1.950073221,1,74,5.834806305,0.078848734,1
24,Conwy Principal Area,Wales,Rural,GB-CWY,0,17.7,17572,-68.56989247,0.180567575,-27.37634409,0.294127301,-25.64516129,0.212064695,-46.31182796,0.300528185,-54.78494624,0.240622482,19.47368421,-0.055093734,473,714.1631363,1.509858639,0.00648656,378,331.1110517,0.875955163,0.003007397,165,501.3436355,3.038446276,0.004553575,11,5.34475238,0.48588658,4.85E-05,23,5.18811482,0.22557021,4.71E-05,39,19.36852485,0.496628842,0.000175919,11,310.6455213,28.24050194,0.002821513,51,65.75182587,1.289251488,0.000597207,88,31.22203116,0.354795809,0.000283582,10,1.46662255,0.146662255,1.33E-05,25,140.6672385,5.626689542,0.001277644,70,118.291551,1.689879299,1,145,16.2169538,0.111841061,1
25,Cornwall,England,Rural,GB-CON,0,5.8,18568,-65.02150538,0.359285011,0.483870968,0.935543553,-29.31182796,0.302497687,-39.41935484,0.481498612,-52.91397849,0.321909224,17.52688172,-0.112216884,1953,3760.989413,1.925749828,0.010490331,1640,1938.539185,1.182036088,0.005407066,662,2368.162447,3.577284663,0.006605392,148,96.5526223,0.652382583,0.000269309,54,13.58334704,0.251543464,3.79E-05,182,116.1058063,0.637943991,0.000323848,49,1528.016388,31.18400792,0.004262016,155,270.1720933,1.743045763,0.000753577,344,145.902691,0.42413573,0.000406959,55,10.67840004,0.194152728,2.98E-05,113,986.4307084,8.729475295,0.0027514,349,545.7122185,1.563645325,1,504,47.83513841,0.094910989,1
26,County Durham,England,Rural,GB-DUR,0,43.7,16542,-63.04301075,0.260213064,14.25806452,1.003416789,-21.02150538,0.252111247,-43.12903226,0.372668676,-53.35483871,0.289427352,19.05376344,-0.096923398,1610,3307.237783,2.054184958,0.015295171,1381,2059.684087,1.491443944,0.009525538,492,1772.678027,3.60300412,0.008198205,385,435.6440892,1.131543089,0.002014748,53,15.63947432,0.295084421,7.23E-05,94,154.7894432,1.646696204,0.000715864,24,1009.037213,42.04321723,0.004666552,126,219.3381459,1.740778935,0.001014386,196,125.2618403,0.639091022,0.000579306,26,3.538862091,0.13611008,1.64E-05,106,780.2235265,7.360599306,0.003608344,263,525.1243311,1.996670461,1,337,38.6408565,0.114661295,1
27,Cumbria,England,Rural,GB-CMA,0,20.5,20416,-65.75268817,0.301498016,-10.62365591,0.849735908,-25.70967742,0.322237474,-51.12903226,0.377711796,-56,0.312882337,19.20430108,-0.108233117,1914,5807.97895,3.034471761,0.008599807,1570,4071.53955,2.593337293,0.006028681,658,2351.862995,3.574259871,0.003482376,268,163.8675056,0.611445916,0.000242637,95,21.82647796,0.2297524,3.23E-05,97,174.2775921,1.796676208,0.000258051,42,1427.007179,33.9763614,0.002112953,149,280.5346185,1.882782675,0.000415384,352,160.7227621,0.456598756,0.00023798,58,7.071124405,0.121915938,1.05E-05,124,2912.691764,23.48944971,0.004312789,314,615.4235959,1.959947758,1,415,44.55633039,0.107364652,1
28,Darlington,England,Urban,GB-DAL,0,26.2,17140,-65.66666667,0.302631972,-25.26315789,0.407122032,-25.37634409,0.283101071,-60.13978495,0.247321775,-51.53763441,0.290262899,21.03174603,-0.094150902,185,682.4561893,3.688952374,0.033408073,145,239.0387237,1.648542922,0.011701591,67,517.4011362,7.722405018,0.025328183,32,29.76018321,0.930005725,0.001456841,7,1.689073555,0.241296222,8.27E-05,6,28.80058626,4.80009771,0.001409866,8,343.0603491,42.88254363,0.01679373,24,98.55319107,4.106382961,0.004824445,26,10.59359191,0.407445843,0.000518585,1,0.114851875,0.114851875,5.62E-06,15,91.83047789,6.12203186,0.00449535,27,73.98367066,2.74013595,1,39,4.070213765,0.104364456,1
29,Denbighshire,Wales,Rural,GB-DEN,0,38.4,,-62.5483871,0.231386709,-18.98913043,0.360562279,-21.97849462,0.224582973,-45.16129032,0.306526215,-51.49462366,0.268210438,17.05555556,0.024488316,369,1045.805269,2.83416062,0.012148878,299,758.6026335,2.537132553,0.008812511,128,384.4868874,3.003803808,0.004466495,11,4.63109815,0.421008923,5.38E-05,22,4.736966315,0.215316651,5.50E-05,32,18.76075068,0.586273459,0.000217939,11,240.6602953,21.87820867,0.002795695,28,40.34517949,1.440899268,0.000468681,75,27.25756889,0.363434252,0.000316645,9,1.460194265,0.162243807,1.70E-05,19,600.7846997,31.62024735,0.006979177,58,97.284252,1.67731469,1,104,9.884264085,0.095041001,1
30,Derby,England,Urban,GB-DER,0,25.6,15964,-67.65591398,0.233803826,14.93243243,0.546226711,-21.80645161,0.24969413,-71.32258065,0.191056668,-54.13978495,0.318999731,20.18888889,-0.128071492,329,909.0294435,2.763007427,0.122108744,233,626.7564058,2.689941656,0.084191373,143,492.0128396,3.440649228,0.066091445,31,62.33336658,2.010753761,0.00837316,17,6.15274819,0.361926364,0.000826491,5,36.98910957,7.397821914,0.004968699,4,137.8626408,34.4656602,0.018518909,56,135.5176306,2.419957689,0.018203907,38,15.37007304,0.404475606,0.002064642,19,2.740018085,0.144211478,0.000368063,26,293.2214779,11.27774915,0.03938806,47,209.7398019,4.462548977,1,86,9.10257682,0.105843917,1
31,Derbyshire,England,Rural,GB-DBY,0,25,16731,-68.5483871,0.24400943,25.77419355,1.290591149,-20.4516129,0.248992868,-41.93548387,0.465175614,-53.01075269,0.312613769,20.15053763,-0.109650563,2484,5516.439838,2.220788985,0.021802244,2055,3491.882301,1.699212798,0.013800725,925,3016.893806,3.261506818,0.011923461,285,261.3767974,0.91711157,0.001033021,115,26.63885675,0.231642233,0.000105283,92,114.9922419,1.249915673,0.000454476,45,1641.104974,36.46899943,0.006486026,214,348.9540624,1.63062646,0.001379147,327,156.5663594,0.478796206,0.000618786,55,7.859643425,0.142902608,3.11E-05,165,1903.716789,11.53767751,0.007523928,496,992.3362695,2.000677963,1,690,62.89384382,0.091150498,1
32,Devon,England,Rural,GB-DEV,0,3.3,19588,-69.11827957,0.295470144,8.172043011,1.076915043,-25.98924731,0.310718868,-49.87096774,0.402285817,-53.50537634,0.309331264,18.87096774,-0.113171794,3001,5903.339364,1.96712408,0.008859119,2504,3199.728583,1.277846878,0.00480182,983,3627.380403,3.690112313,0.005443596,254,187.0781058,0.736527976,0.000280747,77,20.9616666,0.272229436,3.15E-05,157,128.8376087,0.820621711,0.000193346,57,2317.958857,40.66594487,0.003478552,224,345.9071535,1.544228364,0.000519102,618,231.9618924,0.375342868,0.000348104,139,18.78310358,0.135130242,2.82E-05,167,1653.920825,9.903717514,0.002482033,486,923.7696222,1.90076054,1,822,74.1605293,0.090219622,1
33,Dorset,England,Rural,GB-DOR,0,6.2,21417,-68.62365591,0.295141894,31.77419355,1.688758915,-23.46236559,0.313165826,-45.06451613,0.443481245,-55.19354839,0.305317657,19.50537634,-0.12028886,1458,3833.642131,2.629384178,0.015046981,1242,2430.570004,1.956980679,0.009539947,442,1849.696073,4.184832744,0.007260026,154,94.8434036,0.615866257,0.000372259,26,6.423718565,0.247066099,2.52E-05,101,94.4626057,0.935273324,0.000370764,33,1126.782828,34.1449342,0.004422604,104,263.4380091,2.53305778,0.00103399,327,96.70725377,0.295740837,0.000379574,53,6.427571655,0.121274937,2.52E-05,92,1665.404536,18.10222322,0.006536685,226,446.623945,1.976212146,1,342,32.52825941,0.09511187,1
34,Dumfries and Galloway,Scotland,Rural,GB-DGY,0,,18482,-63.8172043,0.223449017,-20.82795699,0.509996717,-22.3655914,0.213571663,-53.43010753,0.292456208,-48.76344086,0.249216675,17.81818182,-0.071176114,869,1679.356966,1.932516647,0.002586783,712,579.1427921,0.813402798,0.000892078,268,1353.901629,5.051871749,0.002085471,11,5.050047055,0.459095187,7.78E-06,49,12.69867236,0.259156579,1.96E-05,118,75.49075644,0.639752173,0.000116282,33,1002.07207,30.3658203,0.001543533,60,83.61117323,1.393519554,0.00012879,100,50.77468711,0.507746871,7.82E-05,15,1.83225868,0.122150579,2.82E-06,96,165.8512753,1.727617451,0.000255468,111,253.6874547,2.285472565,1,276,28.28857148,0.102494824,1
35,Dundee City Council,Scotland,Urban,GB-DND,0,,18103,-68.30107527,0.228223568,1.936507937,0.258287773,-28.10752688,0.241114858,-59.88172043,0.179388857,-58.12903226,0.241980245,21.07246377,-0.096043554,329,928.1624609,2.821162495,0.11050072,233,563.8239741,2.419845382,0.067125054,128,476.910642,3.725864391,0.056777743,14,14.61099581,1.043642558,0.001739486,23,6.53923689,0.284314647,0.000778517,17,68.02224922,4.001308778,0.008098267,6,283.1682985,47.19471641,0.033712095,49,71.48305769,1.458837912,0.008510287,35,11.80736349,0.337353242,0.001405705,18,3.147893765,0.174882987,0.000374767,37,346.5658937,9.366645776,0.041259782,32,112.5721552,3.517879849,1,98,10.24531668,0.104544048,1
36,East Ayrshire Council,Scotland,Rural,GB-EAY,0,,,-61.55913978,0.323311748,,,-19.25806452,0.202426069,-51.16129032,0.192145863,-53.1827957,0.25849721,21.10769231,-0.077396485,385,773.7480349,2.009735156,0.006130805,295,406.5801042,1.378237641,0.003221544,142,488.7380994,3.441817602,0.003872524,5,2.620850135,0.524170027,2.08E-05,36,13.24131477,0.367814299,0.000104918,29,48.93813648,1.687521948,0.000387762,9,284.4381777,31.60424197,0.00225375,42,69.00482916,1.642972123,0.000546761,33,11.16406228,0.338304918,8.85E-05,3,0.483609045,0.161203015,3.83E-06,38,212.1845505,5.58380396,0.001681248,52,121.5701687,2.33788786,1,138,10.10233608,0.073205334,1
37,East Dunbartonshire Council,Scotland,Rural,GB-EDU,0,,,-56.98924731,0.335710662,,,-10.58064516,0.331592611,-54.93478261,0.396544161,-61.46236559,0.270821521,20.66666667,0.02879861,263,988.1513299,3.757229391,0.055096751,200,218.0368403,1.090184201,0.012157168,94,847.6185219,9.017218319,0.047261007,2,0.94469408,0.47234704,5.27E-05,16,5.426201325,0.339137583,0.000302551,9,28.61630476,3.179589417,0.001595571,19,713.5659087,37.55610046,0.039786581,19,50.30009202,2.647373264,0.002804602,25,8.494055642,0.339762226,0.000473606,9,0.822287555,0.091365284,4.58E-05,22,92.90073515,4.222760689,0.005179904,31,77.50403238,2.500130077,1,111,9.57701829,0.086279444,1
38,East Lothian Council,Scotland,Rural,GB-ELN,0,,21864,-66.47727273,0.269641816,-15.57777778,0.636180126,-18.74193548,0.241741518,-41.41935484,0.387559309,-58.93548387,0.252081406,20.83333333,0.025166357,450,2069.934695,4.599854878,0.0296727,351,751.5774927,2.141246418,0.010773931,147,1410.913249,9.59804931,0.020225568,6,2.718536525,0.453089421,3.90E-05,31,8.85578834,0.285670592,0.000126949,16,10.80695947,0.675434967,0.000154919,20,1264.421712,63.22108562,0.018125599,39,43.55111694,1.116695306,0.000624309,40,27.00866964,0.675216741,0.000387172,9,1.52858459,0.169842732,2.19E-05,25,605.6801308,24.22720523,0.008682479,48,92.55604635,1.928250966,1,216,12.80714995,0.059292361,1
39,East Renfrewshire Council,Scotland,Rural,GB-ERW,0,,19730,-48.9,0.346266593,-53.7826087,0.136348397,-11.67741935,0.194548059,-55.40963855,0.162704464,-62.89247312,0.278266838,19,0.256756757,209,761.5715912,3.643883212,0.04382757,149,374.1542265,2.511102191,0.021532146,82,444.8622597,5.425149508,0.025601312,2,1.02838655,0.514193275,5.92E-05,12,3.709979911,0.309164993,0.000213505,4,9.383799141,2.345949785,0.000540027,10,354.596856,35.4596856,0.020406642,31,27.74399053,0.894967436,0.001596635,18,7.535570769,0.41864282,0.000433663,7,1.36653827,0.195219753,7.86E-05,13,293.808015,22.60061654,0.016908314,22,57.44489494,2.611131588,1,90,4.95356009,0.055039557,1
40,East Riding of Yorkshire,England,Rural,GB-ERY,0,25.2,20350,-65.24731183,0.27677479,11.47311828,1.238876787,-20.17204301,0.280803318,-31.46236559,0.348452747,-51.2688172,0.313688043,18.86021505,-0.103801737,1055,2634.581397,2.497233551,0.010666891,848,1227.574485,1.447611421,0.004970203,349,1774.866869,5.085578421,0.00718608,104,108.050567,1.03894776,0.000437475,57,15.524186,0.27235414,6.29E-05,70,66.56542091,0.950934584,0.00026951,25,1248.053329,49.92213315,0.005053118,69,134.3049476,1.946448516,0.000543774,207,84.54571605,0.408433411,0.000342309,56,9.124449098,0.162936591,3.69E-05,79,570.8668137,7.226162199,0.002311325,142,367.8599574,2.59056308,1,246,29.68600999,0.120674837,1
41,East Sussex,England,Rural,GB-ESX,0,14.5,26295,-66.06451613,0.298692966,26.20430108,1.348273701,-21.83870968,0.268941542,-48,0.371460118,-54.06451613,0.317298797,19.10752688,-0.113753693,1391,3934.240987,2.828354412,0.022778039,1083,1980.301395,1.828533144,0.011465333,531,2510.080427,4.727081783,0.01453259,133,107.157757,0.805697421,0.00062041,60,19.16638019,0.31943967,0.000110967,45,85.87126505,1.908250334,0.000497168,30,1762.779066,58.7593022,0.010205946,133,160.5486519,1.207132721,0.000929527,227,93.5408231,0.412074111,0.000541572,85,11.44549365,0.134652866,6.63E-05,108,1099.381452,10.17945789,0.006365079,223,556.1408348,2.493905089,1,347,38.2092638,0.110113152,1
42,Edinburgh,Scotland,Urban,GB-EDH,0,,23374,-78.68817204,0.134343947,-13.46236559,0.772776103,-31.10752688,0.179359016,-79.1827957,0.12121393,-70.86021505,0.195368685,26.04301075,-0.084211155,792,2920.035223,3.686913161,0.112655084,556,1662.586425,2.990263355,0.064142656,307,1478.249553,4.815145122,0.057030931,41,32.00983798,0.780727756,0.001234941,69,20.09531501,0.291236449,0.000775278,36,94.76603232,2.632389787,0.003656078,31,1073.465211,34.62791003,0.041414334,92,158.0525912,1.717962948,0.006097676,79,27.36687675,0.346416161,0.001055815,44,5.835680543,0.132629103,0.000225141,90,1271.827981,14.13142202,0.049067178,71,220.8007547,3.109869785,1,239,15.81494221,0.066171306,1
43,Essex,England,Rural,GB-ESS,0,18.1,22366,-64.19354839,0.285667393,17.27956989,1.116603503,-24.20430108,0.285204858,-69.41935484,0.243278327,-55.39784946,0.329548506,21.60215054,-0.124138343,3293,10246.17544,3.111501804,0.029756426,2686,6291.354806,2.342276547,0.018271035,1168,5579.642424,4.777091116,0.016204116,345,281.4057112,0.815668728,0.000817244,92,31.68062272,0.344354595,9.20E-05,126,214.6286322,1.703401843,0.000623314,78,3204.142682,41.07875233,0.00930531,249,693.4370809,2.784887875,0.002013845,543,266.789623,0.491325273,0.000774797,188,25.56024699,0.135958761,7.42E-05,231,3811.801489,16.50130515,0.011070042,561,1624.821791,2.896295528,1,880,91.90755949,0.104440409,1
44,Falkirk,Scotland,Rural,GB-FAL,0,,18369,-63.31182796,0.270075498,-10.66666667,0.513495526,-22.43010753,0.154098654,-53.96774194,0.163453791,-54.33333333,0.266867596,22.71830986,-0.103850996,433,1129.865095,2.609388209,0.036795583,362,742.0993133,2.049998103,0.024167467,131,524.3242632,4.002475292,0.017075328,4,3.80440967,0.951102418,0.000123896,25,7.376982275,0.295079291,0.000240241,18,50.15478323,2.786376846,0.001633358,11,333.4361842,30.31238038,0.0108588,33,46.57789149,1.411451257,0.001516872,30,13.21103023,0.440367674,0.000430235,2,0.37472329,0.187361645,1.22E-05,53,526.6676495,9.937125461,0.017151643,60,136.558482,2.2759747,1,197,11.70295875,0.059405882,1
45,Fife,Scotland,Rural,GB-FIF,0,,18751,-65,0.226806123,6.698924731,0.880576527,-18.77419355,0.193503626,-49.8172043,0.248724299,-54.93548387,0.254826773,19.61290323,-0.084047029,1272,4058.310282,3.190495505,0.030704257,1017,1753.798314,1.724482118,0.013268841,415,2705.909259,6.520263274,0.020472297,27,14.85008864,0.550003283,0.000112352,77,22.89409565,0.297325918,0.000173212,75,93.458989,1.246119853,0.00070709,53,2118.861654,39.97852177,0.016030828,105,160.4301204,1.527905908,0.001213778,105,36.47156958,0.347348282,0.000275936,20,2.326098475,0.116304924,1.76E-05,79,1144.17695,14.48325253,0.008656584,160,401.3972906,2.508733066,1,571,63.4434262,0.111109328,1
46,Flintshire,Wales,Rural,GB-FLN,0,29,,-62.39784946,0.194324252,-17.28333333,0.396085388,-25.17204301,0.167139148,-40.5483871,0.275103697,-53.75268817,0.254304557,22.08955224,-0.092460508,496,1141.952149,2.302322882,0.026828076,396,704.9022667,1.780056229,0.016560389,182,573.4781873,3.150979051,0.013472821,14,4.89312419,0.349508871,0.000114955,32,6.63016367,0.207192615,0.000155764,26,28.74691787,1.105650687,0.000675356,12,366.1457314,30.51214428,0.008601924,46,62.85689589,1.366454259,0.001476708,60,27.42677481,0.457112914,0.000644342,10,1.417091655,0.141709165,3.33E-05,27,478.7177257,17.73028614,0.011246597,82,136.4283046,1.663759813,1,187,28.68941945,0.153419355,1
47,Glasgow City,Scotland,Urban,GB-GLG,0,,17145,-73.82795699,0.179523142,-9.655913978,0.8576736,-27.95698925,0.196607084,-77.60215054,0.145713348,-62.74193548,0.247873832,22.5483871,-0.09760974,1056,2577.640889,2.440947811,0.147529756,755,1864.524734,2.469569184,0.106714974,404,968.4448397,2.397140692,0.055428369,36,36.09451602,1.002625445,0.002065848,78,40.57431855,0.520183571,0.002322247,23,239.5347865,10.41455593,0.013709632,17,390.9612341,22.99771965,0.022376436,176,277.5885307,1.577207561,0.015887616,123,41.81523629,0.339961271,0.00239327,30,3.992071725,0.133069057,0.000228484,93,1268.756904,13.64254735,0.072616553,103,255.3286847,2.478919269,1,377,22.9946064,0.060993651,1
48,Gloucestershire,England,Rural,GB-GLS,0,15.8,22553,-70.48387097,0.266569186,7.47311828,0.946554863,-26.94623656,0.25881054,-48.84946237,0.467786697,-54.25806452,0.312479484,21.08602151,-0.111724508,1953,4538.685954,2.323955942,0.016402143,1643,2710.374559,1.649649762,0.009794895,669,2669.498428,3.990281657,0.009647175,182,163.787084,0.899929033,0.000591902,36,11.10386847,0.308440791,4.01E-05,88,104.504497,1.187551102,0.000377664,30,1313.056479,43.7685493,0.004745193,163,492.0293391,3.018584902,0.001778122,420,160.1044665,0.381201111,0.000578594,81,12.12170938,0.149650733,4.38E-05,118,1393.534397,11.80961353,0.005036028,359,841.1870325,2.343139366,1,476,47.25708157,0.099279583,1
49,Greater London,England,Urban,,0,15.7,29362,-74.87096774,0.209975829,7.946236559,1.002297753,-27.92473118,0.234818418,-71.56989247,0.20873743,-63.92473118,0.291068604,26.4516129,-0.133538241,9995,25500.87857,2.551363539,0.158268764,6985,17865.27844,2.557663341,0.110879142,3758,10893.44804,2.898735509,0.067609143,771,972.2384225,1.261009627,0.006034105,299,92.95152171,0.310874655,0.000576895,212,1250.379208,5.898015131,0.007760359,127,4580.963008,36.07057486,0.028431309,1570,2777.933054,1.769384111,0.017240976,786,282.7239941,0.359699738,0.001754699,1014,183.7525474,0.18121553,0.001140443,1198,11822.65254,9.868658214,0.073376162,748,3257.847911,4.355411646,1,3270,279.4363644,0.085454546,1
50,Greater Manchester,England,Urban,,0,29.9,17511,-67.44086022,0.244427203,5.419354839,0.792456208,-25.62365591,0.219092238,-68.31182796,0.212273582,-55.51612903,0.285712154,21.08602151,-0.109053744,4459,11292.86548,2.532600467,0.088503389,3152,7039.109554,2.233220036,0.055166251,2010,6098.257638,3.033959024,0.047792694,375,295.1990565,0.787197484,0.002313506,424,118.4035522,0.279253661,0.000927941,115,560.5877616,4.874676188,0.004393386,101,3128.992677,30.98012551,0.024522249,608,978.4286699,1.609257681,0.00766805,635,271.514655,0.427582134,0.002127889,174,27.93102714,0.160523144,0.000218898,367,3967.861305,10.81161119,0.031096552,703,1844.501712,2.623757769,1,957,99.44506447,0.103913338,1
51,Gwynedd,Wales,Rural,GB-GWN,0,14,16249,-70.10752688,0.175927307,-38.41935484,0.142102593,-34.62365591,0.208483781,-47.3655914,0.250514756,-54.79569892,0.238175524,18,0.016266295,722,1591.8562,2.20478698,0.00629104,599,906.0921915,1.512674777,0.00358089,234,834.3024027,3.565394883,0.003297176,17,8.457955465,0.497526792,3.34E-05,16,3.297868395,0.206116775,1.30E-05,94,49.28737976,0.524333827,0.000194784,22,572.9639581,26.04381628,0.002264362,67,107.9564693,1.611290587,0.000426646,139,47.4813699,0.341592589,0.000187647,18,1.54571254,0.085872919,6.11E-06,36,632.9497478,17.58193744,0.002501427,111,148.5383944,1.338183733,1,202,19.37734424,0.095927447,1
52,Hampshire,England,Rural,GB-HAM,0,15.3,21117,-68.15053763,0.252752827,24.79569892,1.292023515,-23.74193548,0.243024678,-55.93548387,0.402241055,-55.8172043,0.318701322,21.84946237,-0.116737788,3439,11324.00061,3.292817856,0.030672225,2813,7301.173687,2.595511442,0.019775983,1147,5440.610546,4.743339621,0.014736455,286,244.2668864,0.854080022,0.000661622,82,25.52596799,0.311292293,6.91E-05,141,185.706083,1.317064419,0.000503004,81,3301.999435,40.76542513,0.008943806,271,659.3708526,2.433102777,0.001785974,481,225.086225,0.46795473,0.000609669,192,35.93066448,0.187138878,9.73E-05,282,5141.386953,18.23186863,0.013925977,521,1417.783626,2.721273753,1,1102,86.94391401,0.078896474,1
53,Hartlepool,England,Urban,GB-HPL,0,39,17243,-66.04301075,0.284816926,-49.77777778,1.304896142,-21.05376344,0.288338158,-40.66666667,0.399271881,-47.74193548,0.341753454,16.25806452,-0.035851793,148,502.2382754,3.393501861,0.045974817,115,293.7903281,2.554698505,0.026893523,52,263.6172194,5.069561912,0.024131481,19,40.37171924,2.124827329,0.003695621,11,3.03363592,0.275785084,0.000277699,6,42.13288526,7.022147544,0.003856838,3,173.7780443,57.92601477,0.015907616,15,30.57641539,2.038427693,0.002798961,23,7.7409027,0.336560987,0.000708601,4,1.059851675,0.264962919,9.70E-05,18,142.490487,7.916138166,0.013043558,19,55.16927214,2.903645902,1,30,5.885061795,0.196168727,1
54,Herefordshire,England,Rural,GB-HEF,0,17.8,,-66.97849462,0.245978932,9.978494624,0.81832831,-27.30107527,0.270672317,-35.44086022,0.594655486,-45.89247312,0.293634926,19.77142857,-0.108488837,763,1631.168976,2.137836142,0.007466222,661,842.6372222,1.274791562,0.003856937,207,979.065142,4.729783294,0.004481398,26,23.15693546,0.890651364,0.000105994,17,4.548162635,0.267538979,2.08E-05,43,28.5661672,0.66432947,0.000130754,16,582.6158005,36.41348753,0.002666762,51,198.9175388,3.900343898,0.00091049,268,108.2587727,0.403950644,0.000495524,18,2.450251955,0.136125109,1.12E-05,59,476.3084583,8.073024716,0.002180169,105,190.533388,1.814603695,1,160,15.81350057,0.098834379,1
55,Hertfordshire,England,Rural,GB-HRT,0,17.8,27072,-66.89247312,0.267166005,23.52688172,1.093014234,-26.4516129,0.236981887,-64.92473118,0.289457193,-58.72043011,0.316090239,23.95698925,-0.119184745,2723,8989.41827,3.301292057,0.053424582,2116,4889.490413,2.310723258,0.029058497,1028,5279.220731,5.135428727,0.031374684,296,283.4849829,0.957719537,0.001684766,75,21.38337571,0.285111676,0.000127083,77,181.7556584,2.360463097,0.001080183,72,3403.929488,47.27679844,0.020229731,275,642.0986956,2.334904348,0.003816026,312,141.9457841,0.454954436,0.000843591,185,32.51629785,0.175763772,0.000193246,267,3022.500684,11.32022728,0.017962879,421,1179.292874,2.801170723,1,743,80.51042981,0.108358587,1
56,Highland Council,Scotland,Rural,GB-HLD,0,,19341,-69.02150538,0.207394587,-23.94623656,0.492599445,-30.29032258,0.172003223,-56.60215054,0.200217839,-56.15053763,0.234072394,19.19512195,-0.101757583,1455,3630.290014,2.495044683,0.00138426,1236,1408.782282,1.13979149,0.000537181,393,2503.103153,6.36921922,0.000954454,13,9.298227565,0.715248274,3.55E-06,39,10.44657946,0.267861012,3.98E-06,274,156.1153021,0.569763876,5.95E-05,49,1745.80891,35.62875327,0.000665692,113,462.7831821,4.09542639,0.000176463,226,70.99442021,0.314134603,2.71E-05,18,2.46906077,0.137170043,9.41E-07,120,849.7519179,7.081265982,0.000324018,174,281.5954209,1.618364488,1,429,41.0269932,0.095634017,1
57,Inverclyde,Scotland,Rural,GB-IVC,0,,19730,-67.61363636,0.273719319,-55.6,-0.292475533,-17.04301075,0.253513772,-49.79569892,0.298931694,-56.94623656,0.245367193,15,0.202702703,196,442.783417,2.259099066,0.026911422,144,161.7031588,1.122938603,0.009827969,67,302.3748531,4.51305751,0.018377692,2,1.183700875,0.591850438,7.19E-05,16,7.797869445,0.48736684,0.000473938,9,48.64717626,5.405241807,0.002956671,7,247.9298737,35.41855339,0.015068643,21,24.38203311,1.161049196,0.001481887,25,8.648185865,0.345927435,0.000525618,8,0.970481935,0.121310242,5.90E-05,18,77.54151133,4.307861741,0.004712806,15,21.29459491,1.41963966,1,75,4.387989555,0.058506527,1
58,Isle of Anglesey,Wales,Rural,GB-AGY,0,22.2,17613,-66,0.117066986,-20.48314607,0.280256067,-23.64516129,0.195980424,-43.22580645,0.29250097,-49.60215054,0.240100266,,,279,330.1862472,1.183463252,0.00483012,245,107.4902218,0.438735599,0.001572418,78,279.1401918,3.578720408,0.004083395,9,5.649742865,0.627749207,8.26E-05,9,1.546936695,0.171881855,2.26E-05,31,9.381384995,0.302625322,0.000137235,6,210.0320153,35.00533588,0.003072447,13,10.0765802,0.775121554,0.000147405,92,25.96294527,0.282205927,0.000379798,6,1.040493325,0.173415554,1.52E-05,11,4.94933232,0.449939302,7.24E-05,44,56.44416632,1.282821962,1,58,5.10264999,0.087976724,1
59,Isle of Wight,England,Rural,GB-IOW,0,17.6,18366,-65.98924731,0.380233356,10.17204301,1.141640058,-24.02150538,0.343976605,-51.96774194,0.438050192,-50.51612903,0.338754439,18.41269841,-0.093620717,390,799.1013672,2.048977865,0.020622148,328,501.0683864,1.52764752,0.012930908,127,442.8726526,3.487186241,0.01142907,32,20.55920364,0.642475114,0.000530565,13,4.162503065,0.320192543,0.00010742,32,42.41057813,1.325330567,0.001094476,10,236.8949608,23.68949608,0.006113471,26,55.55564214,2.136755467,0.001433706,71,61.34854548,0.864064021,0.001583202,13,1.419874825,0.10922114,3.66E-05,52,224.2652129,4.312792556,0.005787539,65,144.8396718,2.228302643,1,76,7.645174515,0.100594402,1
60,Kent,England,Rural,GB-KEN,0,20.2,21655,-66.47311828,0.271701829,19.3655914,1.173778759,-25.15053763,0.256423264,-51.49462366,0.351183194,-54,0.305019247,20.4516129,-0.113708931,3720,10709.60931,2.878927235,0.030368526,2998,6022.224351,2.008747282,0.017076821,1342,6183.456867,4.607642971,0.017534017,340,299.426596,0.880666459,0.000849064,115,37.10244111,0.322629923,0.000105209,153,259.2512633,1.694452701,0.000735142,81,3969.234173,49.00289102,0.011255293,331,654.2992433,1.976734874,0.001855353,522,255.8643914,0.490161669,0.000725538,195,26.74910452,0.137174895,7.59E-05,355,3622.469651,10.20413986,0.010271996,620,1496.071906,2.413019203,1,1008,89.14054363,0.088433079,1
61,Kingston upon Hull,England,Urban,GB-KHL,0,50.1,14032,-62.83870968,0.275073856,-2.090909091,0.819237473,-22.35483871,0.250395393,-54.47311828,0.284130584,-48.32258065,0.27801319,17.66666667,-0.11176927,342,652.6582402,1.908357427,0.083297409,244,473.4573415,1.940398941,0.060426373,142,398.4134032,2.805728192,0.050848671,24,52.8071423,2.200297596,0.006739665,16,6.16805793,0.385503621,0.000787216,12,58.88597405,4.907164504,0.007515494,4,64.36528017,16.09132004,0.008214806,57,104.9133693,1.840585426,0.013389874,40,9.36726061,0.234181515,0.001195524,21,3.754191215,0.17877101,0.00047914,17,120.1163902,7.065670012,0.015330204,44,219.2125046,4.982102378,1,107,13.06806977,0.122131493,1
62,Lancashire,England,Rural,GB-LAN,0,24.7,17620,-64.15053763,0.310838232,36.3655914,1.193130614,-21.37634409,0.259362597,-52.19354839,0.351257796,-50.94623656,0.296693623,19.32258065,-0.104786488,3042,6658.420573,2.188829906,0.022584694,2293,3963.271017,1.728421726,0.013443018,1207,3787.619346,3.138044197,0.012847225,284,225.6495669,0.794540728,0.000765381,270,61.99837184,0.229623599,0.000210292,109,214.7717746,1.970383253,0.000728484,75,2103.000917,28.04001222,0.007133168,314,513.6327572,1.635773112,0.001742191,441,222.1857244,0.503822504,0.000753632,90,16.51750976,0.183527886,5.60E-05,230,2135.494678,9.28475947,0.007243384,458,1092.46979,2.385305219,1,771,72.69948291,0.094292455,1
63,Leicester,England,Urban,GB-LCE,0,34.7,13269,-66.96774194,0.254975978,18.26086957,1.149686756,-25.09677419,0.230894333,-68.29032258,0.192354749,-51.22580645,0.308719525,18.90322581,-0.111993077,469,1057.989333,2.255840795,0.148009204,367,798.9279948,2.176915517,0.111767381,150,387.2577566,2.581718377,0.054176078,41,92.94072813,2.266847027,0.0130021,18,7.412259625,0.411792201,0.001036951,5,42.09705047,8.419410094,0.005889238,4,175.4270387,43.85675968,0.024541662,60,69.39134996,1.156522499,0.00970762,49,17.19131009,0.350843063,0.002405007,20,6.83068975,0.341534488,0.000955591,49,500.8667628,10.22177067,0.070069601,48,128.1964185,2.670758719,1,175,17.63572473,0.10077557,1
64,Leicestershire,England,Rural,GB-LEC,0,18.7,,-65.6344086,0.269583122,16.5483871,1.019680105,-22.25806452,0.247023365,-51.83870968,0.346378801,-54.53763441,0.318089583,21.2688172,-0.110724837,2038,4965.501012,2.436457807,0.023379859,1674,3104.117578,1.854311576,0.014615611,705,2724.557879,3.864621105,0.01282847,221,189.9321718,0.859421592,0.000894288,67,20.06416509,0.299465151,9.45E-05,115,128.1894475,1.114690848,0.000603575,32,1312.433088,41.01353401,0.006179538,182,517.3191112,2.842412699,0.002435776,323,128.5688537,0.398045987,0.000605361,83,11.56706922,0.13936228,5.45E-05,110,1723.007634,15.66370576,0.008112711,341,863.1744455,2.531303359,1,564,71.24502563,0.126320967,1
65,Lincolnshire,England,Rural,GB-LIN,0,8.5,18446,-64.68817204,0.273551968,-1.88172043,0.966697502,-20.86021505,0.286801349,-48.1827957,0.358255498,-48.07526882,0.279012861,17.35483871,-0.100653517,2606,5173.891553,1.985376651,0.008357215,2124,2665.417953,1.254904874,0.004305361,850,3342.872496,3.932791172,0.005399631,184,256.0659489,1.391662766,0.000413615,157,37.14027964,0.236562291,6.00E-05,167,222.1092519,1.32999552,0.000358766,57,2135.620948,37.46703418,0.003449598,168,318.9918546,1.898761039,0.000515257,652,263.7638101,0.404545721,0.000426049,100,16.72051748,0.167205175,2.70E-05,130,1020.675197,7.851347672,0.001648663,368,834.3988964,2.267388305,1,623,68.4048482,0.109799114,1
66,Luton,England,Urban,GB-LUT,0,27,16257,-61.98924731,0.29312763,-7,0.420333661,-15.66666667,0.271567545,-82.76344086,0.119572678,-50.03225806,0.339366178,20.62921348,-0.142561154,189,445.3949257,2.356586909,0.097177457,147,359.4546922,2.445270015,0.078426787,67,189.0715804,2.821963887,0.041252143,14,28.39000375,2.02785741,0.006194207,10,2.92468309,0.292468309,0.000638115,3,25.71915262,8.573050873,0.005611474,1,16.15687372,16.15687372,0.00352515,25,66.25623663,2.650249465,0.014455963,25,7.665784992,0.3066314,0.001672541,6,0.60244014,0.10040669,0.000131442,20,189.1259744,9.456298721,0.041264011,25,103.1313468,4.125253874,1,60,5.422429542,0.090373826,1
67,Medway,England,Urban,GB-MDW,0,19.2,18885,-63.77419355,0.299155501,17.98876404,1.00479217,-18.58064516,0.23080481,-55.08602151,0.342932172,-52.04301075,0.302333562,20.70652174,-0.120855177,415,782.7358092,1.886110384,0.037977649,339,575.3064981,1.697069316,0.027913362,138,382.7476108,2.773533411,0.018570575,32,26.96236281,0.842573838,0.00130819,12,4.33667931,0.361389942,0.000210412,14,40.9099506,2.922139329,0.001984915,4,119.2321021,29.80802553,0.005785036,45,80.05311002,1.778958,0.003884106,49,23.02368966,0.469871218,0.001117089,15,3.807419635,0.253827976,0.000184733,52,296.9352103,5.710292506,0.014407034,62,175.3182997,2.827714511,1,130,12.15698502,0.093515269,1
68,Merseyside,England,Urban,,0,22.6,17430,-66.68817204,0.24560592,8.52688172,0.952000836,-22.01075269,0.222538868,-60.05376344,0.275775119,-54.55913978,0.284264868,19.90322581,-0.10420459,2098,6888.299524,3.283269554,0.084253185,1511,4057.926921,2.685590285,0.049633914,865,3792.760769,4.38469453,0.046390575,133,174.3217347,1.310689735,0.00213219,175,53.83452323,0.307625847,0.000658469,48,355.0518129,7.396912769,0.004342762,49,2236.344086,45.63967522,0.027353502,269,520.7274222,1.935789674,0.006369198,344,163.3210611,0.474770527,0.001997637,94,19.46657169,0.207091188,0.000238102,351,2357.00326,6.715109003,0.028829326,278,962.3881659,3.461827935,1,357,45.84088668,0.128405845,1
69,Merthyr Tydfil County Borough,Wales,Rural,GB-MTY,0,26.3,,-64.84946237,0.387111695,,,-27.27956989,0.310868073,-40.38461538,0.300365696,-49.67741935,0.273865298,,,221,441.8606519,1.999369466,0.029506667,179,220.0160873,1.229140152,0.014692282,92,308.2186654,3.350202885,0.020582293,17,7.191772994,0.42304547,0.000480254,11,4.386588335,0.398780758,0.000292929,19,43.31467636,2.279719809,0.002892477,4,192.5565406,48.13913515,0.012858583,19,24.10944511,1.268918164,0.001609986,14,4.394715815,0.313908273,0.000293471,8,0.79199059,0.098998824,5.29E-05,12,73.76487599,6.147072999,0.004925887,50,86.37410079,1.727482016,1,67,4.975945329,0.074267841,1
70,Middlesbrough,England,Urban,GB-MDB,0,46.4,,-66.40860215,0.275984005,-27.97959184,0.669186633,-24.8172043,0.295246337,-61.34408602,0.267136164,-47.97849462,0.323087941,18.56923077,-0.103198169,142,350.0320532,2.465014459,0.076476316,106,251.7179196,2.374697355,0.054996275,53,184.7929248,3.486658959,0.040374251,12,34.24695505,2.85391292,0.007482403,6,2.963940105,0.493990018,0.000647573,7,45.26541108,6.466487297,0.009889757,3,80.27739703,26.75913234,0.017539307,25,14.71047742,0.588419097,0.003214,27,9.44372833,0.349767716,0.002063301,2,0.3623191,0.18115955,7.92E-05,15,71.5524168,4.77016112,0.01563304,17,86.47879118,5.086987716,1,28,4.730617146,0.168950612,1
71,Midlothian,Scotland,Rural,GB-MLN,0,,21864,-69.68817204,0.324684432,-6.227272727,0.412393312,-22.65591398,0.220136672,-44.25555556,0.306452098,-58.13978495,0.232386381,22.58064516,-0.026904301,291,868.2668414,2.98373485,0.024244872,227,584.2354052,2.573724252,0.016313778,103,379.4159698,3.683650192,0.010594544,4,1.126925095,0.281731274,3.15E-05,21,6.22667954,0.29650855,0.000173869,22,20.04408872,0.911094942,0.000559697,9,239.6402602,26.62669558,0.006691546,31,37.76562499,1.218245967,0.001054541,27,12.27005659,0.45444654,0.00034262,3,0.3988714,0.132957133,1.11E-05,19,450.9598065,23.73472666,0.012592284,39,95.38453363,2.445757273,1,116,4.44999468,0.038362023,1
72,Milton Keynes,England,Urban,GB-MIK,0,14.6,21717,-67.70967742,0.283862015,24.5483871,1.087717466,-26.97849462,0.238488854,-65.20430108,0.299618036,-56.88172043,0.304690997,22.38461538,-0.120936794,779,1825.597009,2.343513491,0.064526372,692,1553.160976,2.244452277,0.054897024,154,460.9100939,2.992922688,0.01629103,76,66.71261956,0.877797626,0.002357981,10,2.365214455,0.236521446,8.36E-05,17,28.07726581,1.651603871,0.000992401,3,196.8816564,65.6272188,0.006958852,59,71.41958091,1.210501371,0.00252435,65,26.32753862,0.405039056,0.000930556,15,1.769581695,0.117972113,6.25E-05,49,1217.18339,24.84047735,0.043021778,67,188.4740605,2.813045679,1,418,26.38610137,0.063124644,1
73,Monmouthshire,Wales,Urban,GB-MON,0,18.5,18896,-68.92473118,0.16497568,-20.46666667,0.48211898,-31.69892473,0.340619498,-45.39784946,0.295947599,-55.66666667,0.254155352,17.5,0.021610744,371,812.3838916,2.189713993,0.009957077,328,287.0689897,0.875210334,0.003518494,98,641.1358793,6.54220285,0.007858156,15,8.89444752,0.592963168,0.000109016,7,1.41695527,0.202422181,1.74E-05,19,13.75137685,0.723756676,0.000168545,9,485.5325552,53.94806169,0.005950986,16,36.82709941,2.301693713,0.000451376,112,33.46506731,0.298795244,0.000410168,11,1.538292,0.139844727,1.89E-05,16,107.3266685,6.707916782,0.001315462,55,115.8209774,2.105835953,1,111,7.81045208,0.070364433,1
74,Moray,Scotland,Rural,GB-MRY,0,,,-68.40860215,0.324684432,-9.142857143,0.630765197,-25.50537634,0.191176032,-44.1875,0.247178627,-51.46236559,0.324908239,15.52631579,0.010829817,380,1081.526048,2.84612118,0.004859583,317,251.89434,0.794619369,0.001131828,119,933.017169,7.840480412,0.004192293,3,1.16900455,0.389668183,5.25E-06,23,5.689395885,0.247365038,2.56E-05,44,40.92942212,0.930214139,0.000183907,19,637.7297564,33.56472402,0.002865488,10,185.1353476,18.51353476,0.000831862,47,15.60151655,0.331947161,7.01E-05,11,1.077208355,0.097928032,4.84E-06,31,79.88297893,2.576870288,0.000358935,56,103.3854608,1.846168942,1,136,10.92595715,0.08033792,1
75,Na h-Eileanan an Iar,Scotland,Rural,,0,,17931,-77.66666667,-1.213443396,,,-30,-2.342657343,-44.546875,0.224567872,-53.21917808,0.163272434,,,224,455.498537,2.033475612,0.00140567,200,251.8832778,1.259416389,0.000777313,47,223.6748564,4.759039497,0.000690261,1,0.03816002,0.03816002,1.18E-07,1,0.368860015,0.368860015,1.14E-06,51,49.47867948,0.970170186,0.000152691,5,193.3454507,38.66909014,0.000596665,16,9.803573605,0.61272335,3.03E-05,37,10.66406505,0.288217974,3.29E-05,2,0.097374835,0.048687418,3.00E-07,26,168.2041734,6.469391286,0.000519079,23,20.05959719,0.8721564,1,62,3.438602655,0.055461333,1
76,Neath Port Talbot Principle Area,Wales,Rural,GB-NTL,0,21.4,16616,-58.6344086,0.233251768,-10.58333333,0.59880015,-10.21505376,0.413983468,-49.77419355,0.23362478,-50.68817204,0.276968757,20.18461538,-0.075092452,420,1025.28027,2.441143499,0.024754725,330,687.4209018,2.083093642,0.016597331,162,499.2038833,3.081505452,0.012052953,25,13.29816071,0.531926428,0.000321075,25,8.77944425,0.35117777,0.000211974,31,31.26133067,1.008430022,0.000754784,10,259.823004,25.9823004,0.006273257,32,66.48664488,2.077707653,0.001605277,56,23.05160131,0.411635738,0.000556566,23,2.770274566,0.12044672,6.69E-05,24,447.4940462,18.64558526,0.010804453,72,161.3445156,2.24089605,1,122,10.97124731,0.089928257,1
77,Newport,Wales,Urban,GB-NWP,0,28.4,18896,-67.19354839,0.250798245,-9.260273973,0.834363308,-25.59139785,0.236817761,-58.98924731,0.264883173,-52.59139785,0.278595088,22.14084507,-0.098174458,296,1030.116489,3.480123274,0.051877247,229,408.4254987,1.783517461,0.020568538,106,758.1786794,7.152629051,0.038182306,27,25.17909417,0.932559044,0.001268033,9,4.36267924,0.484742138,0.000219707,9,35.50996126,3.945551251,0.001788302,11,565.5791365,51.41628514,0.028482884,33,50.20954188,1.521501269,0.002528581,45,14.92189218,0.331597604,0.000751475,14,1.539632695,0.109973764,7.75E-05,24,191.6308455,7.984618561,0.009650637,39,136.4876891,3.499684335,1,85,4.696016525,0.055247253,1
78,Norfolk,England,Rural,GB-NFK,0,13.7,18961,-68.35483871,0.280370625,3.698924731,1.233863508,-25.87096774,0.305884635,-54.89247312,0.249947778,-50.80645161,0.299767241,18.6344086,-0.107129002,2709,5792.449673,2.138224316,0.014460993,2224,4019.381548,1.807275876,0.010034485,865,2665.260011,3.081225446,0.006653887,261,278.4347635,1.06679986,0.000695119,184,34.41218233,0.18702273,8.59E-05,110,144.7227827,1.315661661,0.000361304,37,1424.371018,38.496514,0.003555977,174,301.8950241,1.735028874,0.000753688,652,303.0599429,0.464815863,0.000756597,90,12.38990041,0.13766556,3.09E-05,141,2330.341918,16.52724765,0.005817756,380,892.1918862,2.347873385,1,680,70.63025495,0.103868022,1
79,North Ayrshire Council,Scotland,Rural,GB-NAY,0,,,-58.59139785,0.363641789,-15.23076923,0.239777746,-13.06451613,0.205723494,-48.75268817,0.344364537,-54.08602151,0.27329832,20.32307692,-0.074525231,430,2154.585563,5.0106641,0.021062544,315,1143.786396,3.631067924,0.011181292,171,1168.316389,6.832259586,0.01142109,7,8.232033485,1.176004784,8.05E-05,32,11.32886726,0.354027102,0.000110747,38,50.32827702,1.324428343,0.000491993,29,908.3260111,31.32158659,0.008879506,44,89.66892448,2.037930102,0.000876575,45,22.99730168,0.511051149,0.000224814,10,1.47536418,0.147536418,1.44E-05,33,895.9454266,27.14986141,0.008758478,56,157.5172222,2.812807539,1,136,8.766135085,0.064456876,1
80,North East Lincolnshire,England,Urban,GB-NEL,0,3.2,16549,-63.58064516,0.353779356,-8.05952381,0.992607536,-20.27956989,0.291068604,-42.82795699,0.382173018,-43.12903226,0.304034496,16.64473684,-0.122020818,246,664.563471,2.701477524,0.032791627,179,331.3619278,1.851183954,0.016350427,102,442.1791395,4.335089603,0.021818493,16,55.52929458,3.470580911,0.002739988,20,5.467872365,0.273393618,0.000269802,7,40.22677352,5.746681931,0.001984914,9,286.2507185,31.80563539,0.0141245,27,39.36881619,1.458104303,0.00194258,38,12.80260666,0.336910702,0.00063172,11,2.114136165,0.192194197,0.000104318,15,106.2546215,7.083641435,0.005242933,35,108.9775963,3.113645609,1,68,7.571035195,0.111338753,1
81,North Lanarkshire,Scotland,Rural,GB-NLK,0,18.8,17541,-58.65591398,0.303885291,,,-18.69892473,0.224478529,-51.79569892,0.224866462,-53.75268817,0.262779386,20.05376344,-0.093849781,876,2919.15379,3.33236734,0.061275788,718,1888.361111,2.630029403,0.039638478,287,1313.022932,4.574992793,0.027561588,16,8.21299517,0.513312198,0.000172399,52,21.54139153,0.414257529,0.000452174,19,71.94435895,3.786545208,0.00151018,22,904.0972148,41.09532794,0.018977852,77,103.8981503,1.349326627,0.00218092,99,52.72469277,0.532572654,0.001106741,7,1.255921985,0.179417426,2.64E-05,90,1446.145729,16.06828587,0.030355961,129,282.230253,2.187831419,1,365,27.10308265,0.074255021,1
82,North Lincolnshire,England,Urban,GB-NLN,0,23.1,16549,-57.75268817,0.281086807,3.516129032,0.903360091,-19.15053763,0.284041061,-32.88172043,0.397436663,-44.98924731,0.32304318,17.83098592,-0.107307549,455,978.0411226,2.149540929,0.012630367,359,512.5251834,1.427646751,0.006618721,176,650.9482685,3.698569707,0.008406309,22,22.39190497,1.017813862,0.000289168,28,8.438670455,0.301381088,0.000108977,28,33.59648128,1.199874331,0.000433863,10,395.2184189,39.52184189,0.005103828,37,59.3936754,1.60523447,0.000767007,70,30.83964291,0.440566327,0.000398261,21,2.465174475,0.117389261,3.18E-05,22,224.0336689,10.18334859,0.002893158,80,185.4323293,2.317904116,1,137,16.23115606,0.118475592,1
83,North Somerset,England,Rural,GB-NSM,0,21.7,20441,-66.37634409,0.283399481,27.17391304,1.267123266,-26.87096774,0.299170422,-71.13978495,0.266196174,-55.61290323,0.285383904,22.97297297,-0.126710544,497,1504.444412,3.027051131,0.037955036,381,768.6301775,2.017402041,0.019391468,190,937.1393665,4.932312455,0.02364272,51,47.11993163,0.923920228,0.00118877,18,6.169358267,0.342742126,0.000155644,13,26.80808493,2.062160379,0.000676331,13,475.5456863,36.5804374,0.011997355,55,250.2269588,4.54958107,0.006312877,74,26.89062733,0.363386856,0.000678413,30,3.872231265,0.129074375,9.77E-05,39,453.0691401,11.61715744,0.011430303,74,201.3251319,2.720609891,1,130,13.41726162,0.103209705,1
84,North Yorkshire,England,Rural,GB-NYK,0,18.8,21698,-69.16129032,0.280997284,-4.924731183,1.010727821,-24.21505376,0.316343887,-49.49462366,0.475052968,-53.62365591,0.283832175,19.68817204,-0.101220495,2482,4641.663987,1.870130535,0.005765283,2078,2519.404249,1.212417829,0.003129283,837,2889.752556,3.452512015,0.003589282,199,148.2423169,0.744936266,0.000184128,99,24.24026826,0.244851195,3.01E-05,151,124.1529856,0.822205203,0.000154207,53,1800.369726,33.96924012,0.00223619,161,282.6395258,1.755525005,0.000351059,521,239.8831779,0.460428364,0.000297952,91,15.01021741,0.164947444,1.86E-05,169,1177.287184,6.966196358,0.001462276,433,767.4928184,1.772500735,1,605,62.34576607,0.103050853,1
85,Northamptonshire,England,Rural,GB-NTH,0,32.5,19830,-65.67741935,0.271567545,-1.182795699,0.84540897,-21,0.233520337,-50.70967742,0.361060547,-49.80645161,0.30321387,20.10752688,-0.1158724,1966,4862.628147,2.473361214,0.020222353,1647,3180.742024,1.931233773,0.013227844,617,2472.932326,4.007994045,0.010284255,229,265.432451,1.159093673,0.001103862,56,20.4781245,0.365680795,8.52E-05,110,114.7324901,1.043022637,0.000477141,32,1309.93001,40.93531281,0.005447644,143,339.5154502,2.374233917,0.001411953,368,136.9923393,0.372261792,0.000569714,88,11.96253826,0.135937935,4.97E-05,91,1820.545662,20.00599629,0.007571156,298,791.0462028,2.654517459,1,551,51.99287899,0.094360942,1
86,Northumberland,England,Rural,GB-NBL,0,22.7,20437,-64.86021505,0.270209782,-3.193548387,1.057115574,-17.43010753,0.27171675,-37.77419355,0.466205127,-52.33333333,0.280863,18.47826087,-0.098124315,1172,3524.818756,3.007524536,0.006973638,978,1562.881934,1.598038788,0.003092066,369,2332.823197,6.322014083,0.004615348,170,165.7686154,0.975109503,0.000327963,37,8.416735272,0.227479332,1.67E-05,75,90.5538571,1.207384761,0.000179155,40,1847.810396,46.19525989,0.00365578,80,101.568962,1.269612025,0.000200948,185,103.9657012,0.561976764,0.00020569,37,4.140729114,0.111911598,8.19E-06,88,804.1885836,9.138506632,0.001591038,175,370.8863745,2.119350711,1,285,27.51880236,0.096557201,1
87,Nottingham,England,Urban,GB-NGM,0,23,13138,-77.82795699,0.154441825,16.85542169,0.799666647,-29.41935484,0.186326878,-69.80645161,0.195935663,-57.23655914,0.253498851,19.8172043,-0.105129659,453,1029.137202,2.271826054,0.136690063,316,678.8354611,2.148213484,0.090162965,202,560.8122713,2.776298373,0.074487118,38,106.7498184,2.809205748,0.014178517,21,7.633330555,0.363491931,0.001013859,9,39.3374129,4.370823655,0.005224797,6,167.9021268,27.9836878,0.02230077,97,167.197039,1.723680815,0.02220712,45,15.49155078,0.344256684,0.002057589,13,7.56924488,0.582249606,0.001005348,50,294.6812582,5.893625163,0.039139582,65,210.51053,3.238623539,1,109,12.06489076,0.110687071,1
88,Nottinghamshire,England,Rural,GB-NTT,0,18.3,17596,-66.05376344,0.268762496,9.741935484,0.899227119,-22.48387097,0.263167318,-43.12903226,0.406254663,-52.68817204,0.304825281,19.66666667,-0.108442004,2076,5452.597216,2.626491915,0.026248796,1624,3121.372049,1.922027124,0.015026281,823,3206.352471,3.895932528,0.015435377,250,319.7799681,1.279119872,0.00153942,104,26.76180625,0.25732506,0.000128831,98,165.387688,1.687629469,0.000796176,40,1784.054731,44.60136829,0.008588437,240,507.5593063,2.114830443,0.00244339,299,121.0743995,0.404931102,0.000582852,68,12.84932305,0.188960633,6.19E-05,110,1590.032428,14.45484025,0.007654414,371,875.1273035,2.358833702,1,496,49.97026291,0.100746498,1
89,Orkney,Scotland,Rural,GB-ORK,0,,18783,-78.66666667,-1.508379888,,,-37,-1.235164835,,,-56.40298507,0.253596737,,,133,169.0416911,1.270990159,0.001603503,115,59.46919503,0.517123435,0.000564115,30,132.8048798,4.426829326,0.001259766,1,0.408562075,0.408562075,3.88E-06,4,0.646315595,0.161578899,6.13E-06,38,17.59602345,0.463053249,0.000166913,4,85.33303084,21.33325771,0.000809456,9,23.5369886,2.615220955,0.000223268,28,10.09171926,0.360418545,9.57E-05,1,0.056161025,0.056161025,5.33E-07,6,3.048687215,0.508114536,2.89E-05,12,23.23238372,1.936031977,1,30,5.0918193,0.16972731,1
90,Oxfordshire,England,Rural,GB-OXF,0,16.9,25071,-72.08602151,0.227820716,9.333333333,0.928859181,-26.93548387,0.213109128,-63.94623656,0.329518666,-59.77419355,0.296708543,23.97849462,-0.116051446,2424,5788.903383,2.388161461,0.02217536,2007,3298.895462,1.643694799,0.01263697,774,3361.655611,4.343224303,0.012877383,303,294.1921848,0.970931303,0.001126952,51,14.00256879,0.274560172,5.36E-05,106,101.3929487,0.956537252,0.000388403,40,1962.130557,49.05326394,0.007516269,197,492.9810766,2.502442013,0.001888446,406,160.3930516,0.395056777,0.000614412,129,20.89371805,0.161966807,8.00E-05,168,1800.400742,10.71667109,0.006896735,357,871.6476901,2.441590168,1,667,70.86884417,0.106250141,1
91,Pembrokeshire,Wales,Rural,GB-PEM,0,8.8,,-68.86021505,0.252618543,-37.06451613,0.384992987,-27.70967742,0.256169616,-43.47311828,0.286637224,-48.86021505,0.26195876,16.43333333,-0.015331616,649,1056.811907,1.628369657,0.006551661,572,545.7358305,0.95408362,0.003383266,158,643.5488381,4.073093912,0.003989654,20,7.58928578,0.379464289,4.70E-05,7,1.745931825,0.249418832,1.08E-05,101,48.26074836,0.477829192,0.00029919,13,363.1452531,27.93425024,0.002251304,39,144.4256055,3.703220653,0.00089536,211,66.28125374,0.314129165,0.000410908,18,1.75928642,0.097738134,1.09E-05,27,277.003324,10.25938237,0.00171727,81,132.4727613,1.635466188,1,132,14.12845741,0.107033768,1
92,Perth and Kinross,Scotland,Rural,GB-PKN,0,,21561,-73.1827957,0.228029602,-6.903225806,0.628554803,-27.04301075,0.197457551,-55.76344086,0.174927636,-58.95698925,0.240189788,22.47692308,-0.074528455,694,2267.165649,3.266809292,0.004105521,536,550.3844813,1.026836719,0.00099667,244,1872.452805,7.673986905,0.003390751,13,10.47511134,0.805777795,1.90E-05,49,11.86960521,0.242236841,2.15E-05,113,48.88533,0.43261354,8.85E-05,34,1512.927968,44.4978814,0.002739702,52,189.3434314,3.641219835,0.000342875,105,35.06073464,0.333911758,6.35E-05,23,2.64016306,0.114789698,4.78E-06,51,282.8166825,5.545425146,0.000512142,86,155.6716374,1.810135319,1,168,17.47498546,0.104017771,1
93,Peterborough,England,Urban,GB-PTE,0,21.9,17968,-60.96774194,0.301363731,-22.14285714,0.419628122,-23.79569892,0.262615261,-62.48387097,0.25505058,-47.24731183,0.282041718,18.38888889,-0.125125692,415,1502.031774,3.619353672,0.049016932,329,1147.971657,3.489275554,0.037462622,144,548.1206821,3.806393625,0.017887234,40,52.856743,1.321418575,0.001724914,15,3.39362401,0.226241601,0.000110747,12,22.4973325,1.874777708,0.000734172,5,292.252794,58.45055879,0.009537305,49,56.05616448,1.144003357,0.001829323,41,20.82470499,0.507919634,0.000679588,17,2.357533915,0.138678466,7.69E-05,24,837.7552267,34.90646778,0.027339096,58,194.0605657,3.345871822,1,154,19.97708451,0.129721328,1
94,Plymouth,England,Urban,GB-PLY,0,10.9,17555,-70.56989247,0.285727075,19.72043011,1.204589538,-28.97849462,0.256736594,-53.94623656,0.388588822,-55.08602151,0.290009251,19.17777778,-0.134584669,377,614.4346316,1.629800084,0.084761991,300,454.5962999,1.515321,0.062712102,130,257.3079662,1.979292047,0.035495941,37,31.88272846,0.861695364,0.00439826,8,2.55143903,0.318929879,0.000351974,9,39.0941704,4.343796711,0.005393087,5,94.64048719,18.92809744,0.013055768,53,60.49101738,1.141339951,0.008344808,34,11.97600566,0.352235461,0.001652104,11,2.15538804,0.195944367,0.000297338,34,263.5661885,7.75194672,0.03635927,53,97.46963452,1.839049708,1,133,10.6075724,0.079756183,1
95,Portsmouth,England,Urban,GB-POR,0,6.7,16297,-71.08602151,0.306212885,12.59701493,0.960909129,-25.1827957,0.211348512,-55.41935484,0.377726717,-54.98924731,0.28590612,20.6744186,-0.147347321,301,613.6514703,2.038709204,0.09716222,194,305.8610737,1.576603473,0.048428371,130,401.4553294,3.088117919,0.063564243,12,21.13746607,1.761455506,0.003346791,14,3.909916415,0.279279744,0.000619075,5,38.04594277,7.609188554,0.006023987,4,185.7910859,46.44777147,0.029417145,65,113.6495443,1.748454528,0.017994648,20,10.89238909,0.544619455,0.001724641,24,4.43984999,0.18499375,0.000702982,27,133.2757818,4.936140068,0.021102159,23,93.66493285,4.072388385,1,107,8.844561075,0.082659449,1
96,Powys,Wales,Rural,GB-POW,0,12.2,18295,-68.61290323,0.204858106,-17.75268817,0.371027424,-27.84946237,0.224657575,-39.38709677,0.376682283,-49.7311828,0.274372594,19.67213115,-0.065468403,863,1326.010135,1.536512323,0.002527182,733,724.5975365,0.988536885,0.001380977,224,793.4121691,3.542018612,0.001512128,36,13.62382287,0.378439524,2.60E-05,34,8.6384638,0.254072465,1.65E-05,112,47.45032426,0.423663609,9.04E-05,16,452.5749922,28.28593702,0.000862542,49,136.8871344,2.793614988,0.000260887,276,97.26837405,0.352421645,0.000185379,31,3.312007865,0.106838963,6.31E-06,52,358.7393733,6.898834102,0.000683705,94,191.9995708,2.042548625,1,163,15.5160712,0.095190621,1
97,Reading,England,Urban,GB-RDG,0,32.5,,-75.97849462,0.232416222,16.06896552,0.76970121,-27.27956989,0.201277193,-79.53763441,0.149204739,-62.07526882,0.275223061,28.40909091,-0.110674023,214,376.9383101,1.761393972,0.067035258,163,252.936924,1.55176027,0.044982671,78,209.4185452,2.684853144,0.037243299,17,19.07319706,1.121952768,0.003392005,6,2.00722074,0.33453679,0.000356967,4,3.84551719,0.961379298,0.000683892,3,94.00974529,31.33658176,0.01671883,33,26.89765884,0.815080571,0.004783519,26,8.348922916,0.32111242,0.001484785,9,1.08676119,0.120751243,0.000193271,15,131.3562066,8.75708044,0.023360579,27,85.41715915,3.163598487,1,74,4.89592109,0.066161096,1
98,Redcar and Cleveland,England,Rural,GB-RCC,0,30.9,,-65.84946237,0.303601802,-5.75,0.951757856,-20.51612903,0.26069052,-33.53763441,0.371281072,-48.1827957,0.306197965,18.8125,-0.089194504,385,935.7173803,2.430434754,0.034022758,321,543.2397278,1.692335601,0.01975224,124,560.7901948,4.522501571,0.020390376,92,123.3336832,1.340583513,0.004484423,14,4.18807556,0.299148254,0.000152279,11,36.81543904,3.346858094,0.001338612,7,292.1954196,41.74220279,0.010624249,34,93.46891553,2.749085751,0.003398537,41,15.02944397,0.366571804,0.000546472,9,2.62524184,0.291693538,9.55E-05,29,190.4542682,6.567388557,0.006924932,60,168.3125423,2.805209039,1,88,9.294351143,0.105617627,1
99,Renfrewshire,Scotland,Rural,GB-RFW,0,,,-70.07526882,0.228745785,0.173076923,0.429099192,-18.12903226,0.236206022,-77.16129032,0.083077199,-59.96774194,0.256423264,23.81944444,-0.112053389,393,1743.872874,4.437335556,0.063974163,299,938.83663,3.13992184,0.034441322,143,956.1554165,6.686401514,0.035076664,6,3.017201219,0.50286687,0.000110686,35,13.08060393,0.373731541,0.000479863,19,49.68069465,2.614773403,0.001822542,14,706.2438255,50.44598753,0.02590863,40,84.86778617,2.121694654,0.003113384,45,20.63262473,0.458502772,0.00075691,5,0.844027975,0.168805595,3.10E-05,27,703.561725,26.05784167,0.025810237,49,151.119173,3.084064754,1,153,10.82521152,0.070753016,1
100,Rhondda Cynon Taff,Wales,Urban,GB-RCT,0,28.8,,-64.74193548,0.221703321,-15.4,0.337100237,-21.96774194,0.266807914,-48.23655914,0.218853511,-53.09677419,0.295306019,20.22093023,-0.109371861,662,1007.786203,1.522335654,0.025058133,563,695.8335046,1.235938729,0.017301575,194,489.5069134,2.523231513,0.012171361,125,88.53279843,0.708262387,0.002201327,28,8.063946845,0.287998102,0.000200506,27,89.32171849,3.308211796,0.002220943,9,240.4571972,26.71746636,0.005978856,43,61.17728304,1.422727512,0.001521145,55,16.2862466,0.296113575,0.00040495,19,2.25427102,0.118645843,5.61E-05,35,304.3584689,8.695956255,0.007567731,95,177.5542153,1.86899174,1,226,19.78005679,0.087522375,1
101,Rutland,England,Urban,GB-RUT,0,21.6,18957,-68.42857143,0.260370805,-60,0.725274725,-23.64285714,-1.465934066,,,-55.77777778,0.264065522,,,225,2200.382405,9.779477354,0.068666679,190,1827.192105,9.616800551,0.057020641,63,427.7071736,6.789002756,0.013347331,27,20.17571898,0.747248851,0.000629618,8,1.293780105,0.161722513,4.04E-05,20,15.03927294,0.751963647,0.000469326,6,343.1963984,57.19939973,0.010710028,15,27.65203995,1.84346933,0.000862929,46,14.31993239,0.311302878,0.000446878,6,1.048081475,0.174680246,3.27E-05,7,1715.345152,245.0493074,0.053530266,28,54.51687366,1.947031202,1,62,7.795154825,0.125728304,1
102,Scottish Borders,Scotland,Rural,GB-SCB,0,,20243,-66.55434783,0.267271228,-14.07692308,0.361736466,-26.27956989,0.226641998,-36.62365591,0.093372326,-52.59139785,0.247023365,18.31578947,-0.03531719,681,2072.455828,3.043253785,0.004393849,575,1124.674187,1.955955107,0.002384441,207,1142.208399,5.517914972,0.002421615,21,10.55263601,0.502506477,2.24E-05,29,7.10085295,0.244856998,1.51E-05,91,65.31963794,0.717798219,0.000138485,27,886.9404327,32.84964565,0.001880417,30,50.78964472,1.692988157,0.00010768,91,42.03671553,0.461941929,8.91E-05,20,2.95071066,0.147535533,6.26E-06,67,797.6489128,11.90520765,0.001691109,101,194.4267581,1.925017407,1,204,14.68952609,0.072007481,1
103,Shetland Islands,Scotland,Rural,GB-ZET,0,,20890,-76.16666667,-1.076923077,,,-40.25,-0.444055944,-47.4137931,0.258832913,-54.82089552,0.259783891,,,173,198.8666369,1.149518132,0.001177771,145,40.87617273,0.281904639,0.000242086,40,170.3688201,4.259220502,0.001008995,1,0.36029066,0.36029066,2.13E-06,1,0.149948515,0.149948515,8.88E-07,52,11.44074515,0.22001433,6.78E-05,5,139.5668222,27.91336445,0.000826573,20,18.15253703,0.907626851,0.000107507,28,8.04572217,0.28734722,4.77E-05,2,0.12115639,0.060578195,7.18E-07,3,3.89856481,1.299521603,2.31E-05,12,12.37835591,1.03152966,1,49,4.752494016,0.096989674,1
104,Shropshire,England,Rural,GB-SHR,0,23.4,18841,-66.7311828,0.284443914,2.634408602,0.966160365,-24.98924731,0.303601802,-46.16129032,0.440273343,-51.61290323,0.304705917,19.23655914,-0.107725821,1193,2726.740466,2.285616485,0.008469305,922,1399.008636,1.517362946,0.004345346,456,1700.814673,3.729856739,0.005282761,63,40.39722211,0.641225748,0.000125475,88,19.47546565,0.22131211,6.05E-05,74,62.57874826,0.84565876,0.000194371,28,1066.958894,38.10567479,0.003313994,90,233.1866209,2.590962454,0.000724282,305,111.1420017,0.364400006,0.000345209,65,8.11084965,0.124782302,2.52E-05,45,789.1864661,17.53747702,0.002451227,185,373.0828426,2.016664014,1,250,22.62135548,0.090485422,1
105,Slough,England,Urban,GB-SLG,0,19.7,,-57.10752688,0.386992331,10.95890411,0.612842646,-23.55913978,0.226970249,-68.84946237,0.26164543,-54.96774194,0.28590612,24.56521739,-0.12664233,244,712.4063583,2.91969819,0.133958587,190,480.6044113,2.529496902,0.090371299,89,386.8200866,4.346293107,0.072736398,20,28.20375916,1.410187958,0.005303344,5,1.646602721,0.329320544,0.000309622,7,15.50817497,2.215453567,0.002916107,6,146.4946239,24.41577065,0.027546375,31,80.94580137,2.611154883,0.015220787,26,10.09875917,0.388413814,0.001898938,12,2.71491898,0.226243248,0.000510505,20,262.4431031,13.12215515,0.049348952,35,155.0181396,4.429089703,1,82,9.332475344,0.113810675,1
106,Somerset,England,Rural,GB-SOM,0,8.5,20441,-66.95698925,0.284190266,-0.64516129,0.899316642,-24.64516129,0.277849064,-45.51612903,0.473143147,-49.78494624,0.290665752,18.77419355,-0.105771239,1975,3104.563401,1.571930836,0.009080634,1691,1941.838977,1.148337656,0.005679745,636,1909.595157,3.002508109,0.005585434,174,121.8341142,0.700196059,0.000356356,31,9.90372057,0.319474857,2.90E-05,97,87.41130232,0.901147447,0.000255672,27,851.8899869,31.551481,0.00249172,126,289.3222985,2.296208718,0.000846248,440,152.5705919,0.346751345,0.000446258,100,11.6084184,0.116084184,3.40E-05,79,775.3747465,9.814870209,0.002267918,352,746.8707327,2.121791854,1,549,57.77748909,0.105241328,1
107,South Ayrshire Council,Scotland,Rural,GB-SAY,0,,19825,-70.09677419,0.238772343,-10.55405405,0.811937548,-23.2688172,0.243875145,-52.35483871,0.282026797,-56.16129032,0.248485572,17.625,0.001417298,410,1415.544867,3.452548457,0.011732818,315,546.1935854,1.73394789,0.004527154,134,972.3491522,7.256336956,0.008059367,4,2.07441174,0.518602935,1.72E-05,35,12.76486837,0.364710525,0.000105802,38,37.56036826,0.988430744,0.000311321,16,812.5275126,50.78296954,0.006734677,32,40.66321081,1.270725338,0.000337039,36,12.39462281,0.344295078,0.000102733,12,3.39569007,0.282974173,2.81E-05,51,374.4306144,7.341776753,0.003103488,39,102.9978703,2.640971034,1,147,16.73569792,0.113848285,1
108,South Gloucestershire,England,Rural,GB-SGC,0,16.4,22553,-66.74193548,0.199233088,49.31111111,1.215566846,-24.43010753,0.214645937,-54.03225806,0.278266838,-56.52688172,0.28745785,23.28888889,-0.131830849,586,1915.930461,3.269505907,0.038569491,472,1118.057915,2.368766768,0.022507563,207,1076.337254,5.19969688,0.021667686,51,40.15094819,0.787273494,0.000808277,5,1.271775755,0.254355151,2.56E-05,20,17.38848836,0.869424418,0.000350047,12,612.749809,51.06248409,0.012335233,63,180.2720224,2.861460673,0.003629046,89,46.65396986,0.524201908,0.000939189,34,3.57893933,0.105262921,7.20E-05,48,718.061849,14.95962185,0.014455264,93,278.4647076,2.994244168,1,171,17.33795169,0.10139153,1
109,South Lanarkshire,Scotland,Rural,GB-SLK,0,,19072,-60.06451613,0.257452777,23.20454545,0.743787736,-18.40860215,0.181298678,-53.92473118,0.257960073,-57.2688172,0.262645102,20.96774194,-0.090209185,863,2073.460869,2.402619779,0.01161494,690,1105.128216,1.601635095,0.006190615,278,1217.440591,4.379282702,0.006819757,8,5.18642343,0.648302929,2.91E-05,50,24.49432257,0.489886451,0.00013721,42,81.43143657,1.938843728,0.000456156,23,768.418365,33.40949413,0.004304462,83,172.9217512,2.083394593,0.000968659,92,31.28607977,0.340066084,0.000175256,17,2.49821489,0.146953817,1.40E-05,61,710.8269333,11.65290055,0.003981851,105,249.1079374,2.372456547,1,382,27.2894051,0.071438233,1
110,South Yorkshire,England,Urban,,0,31,16541,-68.76344086,0.268613291,16.34408602,0.861164991,-22.29032258,0.227984841,-58.46236559,0.247336695,-52.08602151,0.295112053,19.46236559,-0.104920772,2670,7040.527748,2.636901778,0.045361506,2069,4771.519514,2.306195995,0.030742484,1049,3646.8265,3.476479028,0.023496185,374,498.5599693,1.333048046,0.003212178,146,39.84339861,0.27289999,0.000256708,110,272.9783931,2.481621755,0.001758776,47,1791.859543,38.12467112,0.011544795,340,427.6989083,1.257937966,0.002755627,315,133.606202,0.424146673,0.000860813,68,9.606384895,0.141270366,6.19E-05,235,2415.60675,10.27917766,0.015563544,448,1377.818266,3.0754872,1,587,72.94993373,0.124275867,1
111,Southampton,England,Urban,GB-STH,0,24.9,16994,-74.03225806,0.193085852,4.172043011,0.909537167,-21.46236559,0.228342932,-59.74193548,0.230625765,-55.3655914,0.257452777,20.58241758,-0.128279431,290,613.4559241,2.115365256,0.118920982,235,465.4866893,1.980794423,0.090236531,79,241.0160913,3.050836599,0.046721972,29,47.61728054,1.641975191,0.009230808,8,2.861507145,0.357688393,0.000554715,5,38.92618446,7.785236891,0.007546003,1,51.54512014,51.54512014,0.009992236,33,91.98997557,2.787575017,0.017832639,31,12.22617559,0.394392761,0.002370095,13,1.57263197,0.12097169,0.000304861,27,261.769574,9.695169408,0.050745121,24,93.04685652,3.876952355,1,119,11.90061817,0.100005195,1
112,Southend-on-Sea,England,Urban,GB-SOS,0,23.3,21064,-67.23655914,0.373399779,26.77941176,1.384273639,-16.55913978,0.205484766,-60.67741935,0.358374862,-56.61290323,0.314792158,23.43939394,-0.121611583,178,349.1510098,1.961522527,0.101485203,112,187.532666,1.674398803,0.054508766,76,184.3756178,2.42599497,0.053591129,12,17.8493532,1.4874461,0.005188143,13,5.296433594,0.407417969,0.001539476,3,11.23277353,3.744257842,0.003264949,4,118.0857231,29.52143079,0.034323124,26,33.85430057,1.302088483,0.009840185,27,8.865095066,0.328336854,0.002576753,23,4.38188646,0.190516803,0.001273651,17,119.3345627,7.019680158,0.034686116,10,22.75727398,2.275727398,1,43,7.493607516,0.174269942,1
113,Staffordshire,England,Rural,GB-STS,0,19.7,18841,-65.60215054,0.291367014,7.935483871,0.902226135,-22.10752688,0.233565098,-51.37634409,0.366088747,-53.12903226,0.333785921,20.23655914,-0.116663185,2127,8082.136206,3.799781949,0.030574059,1668,5428.39007,3.254430497,0.020535155,855,3599.748281,4.210231908,0.013617553,173,140.869171,0.814272665,0.000532897,109,24.66190431,0.226256003,9.33E-05,93,159.4063572,1.714046851,0.000603021,67,2047.648961,30.56192479,0.007746088,208,567.7517776,2.729575854,0.002147758,320,153.8340598,0.480731437,0.000581942,75,13.68349307,0.182446574,5.18E-05,157,3983.131428,25.37026387,0.01506786,396,946.0021452,2.388894306,1,529,45.14690861,0.085343873,1
114,Stirling,Scotland,Rural,GB-STG,0,:,21561,-72.13978495,0.244800215,-20.4673913,0.739225249,-27.92473118,0.230655606,-67.59139785,0.228701024,-62.37634409,0.264375877,,,359,1149.177584,3.201051766,0.005055947,294,708.9657397,2.411448094,0.003119181,108,539.85297,4.998638611,0.002375149,5,5.13785223,1.027570446,2.26E-05,24,6.18544523,0.257726885,2.72E-05,47,32.85210035,0.698980859,0.000144537,13,398.2006174,30.63081672,0.001751932,26,35.49800881,1.365308031,0.000156178,51,26.73239015,0.524164513,0.000117612,2,0.32777275,0.163886375,1.44E-06,53,529.3580777,9.987888258,0.002328975,43,99.64112581,2.317235484,1,95,15.24419352,0.160465195,1
115,Stockton-on-Tees,England,Urban,GB-STT,0,35.4,17243,-63.61290323,0.311748381,-2.202380952,0.78870726,-23.93548387,0.225269315,-34.96774194,0.66436394,-50.03225806,0.315702307,20.21917808,-0.11965724,258,1063.756684,4.123087924,0.047873795,195,722.0114581,3.702622862,0.032493735,106,478.9094679,4.518013848,0.021553062,28,38.53779633,1.376349869,0.001734373,11,3.77010416,0.342736742,0.000169672,8,36.34565815,4.543207269,0.001635717,7,283.5688443,40.5098349,0.012761863,35,52.69624949,1.505607128,0.002371566,45,17.32737299,0.385052733,0.000779809,10,1.710028295,0.17100283,7.70E-05,24,485.4911981,20.22879992,0.021849269,43,137.1642417,3.189866086,1,47,7.145190856,0.152025337,1
116,Stoke-on-Trent,England,Urban,GB-STE,0,34,15485,-65.56989247,0.294351109,11.44594595,0.611190241,-22.19354839,0.232460983,-61.5483871,0.253842022,-49.47311828,0.302706574,18.21505376,-0.116961595,600,1844.584162,3.074306937,0.164265481,451,1562.20095,3.463860199,0.139118451,232,490.15509,2.112737457,0.043649709,76,73.33795836,0.964973136,0.006530954,39,9.158321775,0.234828763,0.000815575,13,89.96960582,6.920738909,0.00801205,7,195.1699394,27.88141991,0.01738044,91,75.99262761,0.83508382,0.00676736,53,28.52393881,0.538187525,0.002540138,12,2.062323715,0.17186031,0.000183656,124,1154.04144,9.306785808,0.102770682,83,207.7718775,2.503275633,1,102,8.55612905,0.083883618,1
117,Suffolk,England,Rural,GB-SFK,0,15.3,20381,-67.22580645,0.29533586,7.096774194,1.157037988,-25.39784946,0.294679359,-45.03225806,0.452344006,-51.47311828,0.30572051,19.43010753,-0.112754021,2666,5504.055553,2.064536967,0.014492695,2230,3620.555888,1.623567663,0.009533263,822,2741.637545,3.33532548,0.007218989,254,239.7197398,0.943778503,0.000631205,132,30.24209016,0.229106744,7.96E-05,134,140.1832281,1.046143493,0.000369116,43,1566.234736,36.42406363,0.004124043,160,275.0781413,1.719238383,0.000724307,591,268.5180145,0.454345202,0.000707033,101,11.94469706,0.118264327,3.15E-05,173,2046.201546,11.8277546,0.005387841,386,858.1378802,2.22315513,1,692,67.79548002,0.097970347,1
118,Surrey,England,Rural,GB-SRY,0,17.7,30359.5,-69.86021505,0.204186685,7.376344086,1.017680762,-25.66666667,0.21378055,-62.97849462,0.299319626,-61.39784946,0.310882994,24.43010753,-0.118468563,2682,10715.12769,3.995200482,0.063425203,1952,5026.390408,2.574995086,0.029752313,1190,6991.069519,5.874848335,0.041381682,213,221.0979367,1.038018482,0.001308727,93,25.15030468,0.270433384,0.00014887,93,301.4612747,3.241519083,0.001784416,100,4963.61241,49.6361241,0.029380716,275,654.5298563,2.380108569,0.003874307,316,162.0855701,0.512929019,0.00095942,262,45.44471386,0.173453106,0.000268997,254,2987.624946,11.76230294,0.017684411,460,1302.332234,2.83115703,1,616,51.78844637,0.084072153,1
119,Swansea,Wales,Urban,GB-SWA,0,16.4,15755,-67.4516129,0.230894333,7.045977011,0.779844682,-30.3655914,0.26449524,-59.86021505,0.223926472,-55.23655914,0.261108293,20.48837209,-0.103468395,483,1277.463067,2.644851071,0.033721731,378,824.0596442,2.180051969,0.021753049,182,673.1084612,3.698398138,0.017768328,22,10.62841426,0.483109739,0.000280563,26,8.295203395,0.319046284,0.000218972,38,56.00073594,1.473703577,0.001478275,10,358.1075655,35.81075655,0.009453116,51,84.57564482,1.658345977,0.002232579,76,29.66243538,0.390295202,0.000783012,18,2.425009125,0.134722729,6.40E-05,37,498.3696859,13.46945097,0.013155674,77,219.7050384,2.853312187,1,128,9.693334362,0.075729175,1
120,Swindon,England,Urban,GB-SWD,0,25.5,19804,-67.72043011,0.241234222,-16.29411765,-0.037254349,-27.84946237,0.113574647,-59.65591398,0.226671839,-54.91397849,0.322789532,22.45679012,-0.159292772,352,881.6444031,2.5046716,0.039458718,264,487.7446088,1.847517458,0.02182941,127,490.537109,3.862496922,0.02195439,42,40.08509596,0.954407047,0.001794041,14,4.119073575,0.294219541,0.000184353,9,16.66740581,1.851933979,0.000745963,8,223.5441779,27.94302223,0.010004903,44,161.4784315,3.669964353,0.0072271,31,15.39513965,0.496617408,0.000689022,22,4.75811129,0.216277786,0.000212953,20,307.1502719,15.35751359,0.013746762,39,96.63731476,2.477879866,1,123,11.80938077,0.096011226,1
121,Thurrock,England,Urban,GB-THR,0,19.1,18976,-68.23655914,0.330055803,-15.91071429,0.423653052,-26.66666667,0.28653278,-49.92473118,0.365939542,-50.96774194,0.334755752,22.56164384,-0.156265846,293,837.9064825,2.859749087,0.051624488,236,489.7918722,2.075389289,0.030176703,98,489.0389607,4.990193476,0.030130315,29,31.2213553,1.076598459,0.001923588,11,3.548642585,0.322603871,0.000218636,7,18.4039476,2.629135372,0.001133891,6,241.4380328,40.23967214,0.014875306,31,102.234456,3.297885677,0.006298795,35,13.69379567,0.391251305,0.000843692,9,0.89347892,0.099275436,5.50E-05,35,272.1616521,7.776047203,0.016768227,41,140.9243504,3.437179278,1,89,13.3867711,0.150413158,1
122,Torbay,England,Urban,GB-TOB,0,7.3,18412,-68.04301075,0.338456029,16.11627907,1.169480578,-19.86021505,0.287994987,-43.01075269,0.455984602,-51.98924731,0.316627376,18.58730159,-0.108581355,250,428.1944035,1.712777614,0.082290359,187,288.5890792,1.543257108,0.055461021,92,189.686262,2.061807195,0.036453887,20,16.41199988,0.820599994,0.003154057,9,3.35653875,0.37294875,0.000645059,5,17.85303245,3.57060649,0.003430994,4,93.09144942,23.27286236,0.017890306,37,38.93526777,1.052304534,0.007482576,23,10.746016,0.467218087,0.002065168,13,4.222068324,0.324774486,0.000811397,51,187.318759,3.672916843,0.035998901,29,50.08093772,1.726928887,1,59,6.178334168,0.104717528,1
123,Torfaen Principal Area,Wales,Rural,GB-TOF,0,5.8,,-64.95698925,0.199382292,,,-25.52688172,0.144460028,-35.14130435,0.362216064,-52.07526882,0.311151562,20.71428571,-0.067793313,303,438.1812552,1.446142756,0.02503183,258,262.9358743,1.019131296,0.015020647,105,269.9286722,2.570749259,0.015420122,56,26.08460361,0.465796493,0.001490126,10,2.18130513,0.218130513,0.000124611,10,18.12745235,1.812745235,0.001035561,5,125.0749558,25.01499116,0.007145114,23,47.1040646,2.048002809,0.002690898,33,21.0104597,0.636680597,0.001200257,7,0.885055305,0.126436472,5.06E-05,19,96.97811056,5.104111082,0.005540035,60,94.6832913,1.578054855,1,80,6.051956799,0.07564946,1
124,Tyne and Wear,England,Urban,,0,30.4,17333,-68.70967742,0.235639044,13.4516129,0.96504133,-23.93548387,0.226418191,-58.37634409,0.269060905,-56.55913978,0.276968757,20.37634409,-0.099832891,2091,5566.166044,2.661963675,0.100990674,1660,3925.479348,2.364746595,0.071222597,694,2440.926169,3.517184682,0.044287356,353,337.616226,0.956419904,0.006125597,100,33.3322968,0.333322968,0.00060477,54,272.014631,5.037307982,0.004935343,29,1110.97804,38.30958758,0.020157218,229,482.6911825,2.107821758,0.008757789,240,112.4291043,0.468454601,0.002039876,73,13.68517712,0.18746818,0.000248299,309,2351.292543,7.609360982,0.042661073,263,800.2394727,3.042735638,1,441,51.88737046,0.117658436,1
125,Vale of Glamorgan,Wales,Rural,GB-VGL,0,14.8,17690,-61.02150538,0.382262541,-5.418604651,0.748195479,-23.77419355,0.311330608,-56.25806452,0.272746262,-56.80645161,0.280206499,23.56451613,-0.071890021,409,1209.852009,2.95807337,0.036711026,325,536.3146781,1.65019901,0.016273612,125,783.9415407,6.271532326,0.023787453,32,24.79119758,0.774724924,0.000752249,15,3.91066212,0.260710808,0.000118663,14,37.40763263,2.671973759,0.001135075,13,573.5500951,44.11923808,0.017403461,36,92.85330503,2.579258473,0.002817485,63,16.99571282,0.269773219,0.000515708,20,3.22326817,0.161163409,9.78E-05,31,336.8418747,10.86586692,0.010220928,41,110.4042103,2.692785618,1,144,9.874050121,0.068569793,1
126,Warrington,England,Urban,GB-WRT,0,33.1,20291,-66.27956989,0.310345857,20.02222222,0.905845314,-23.01075269,0.172450837,-57.40860215,0.307167796,-54.11827957,0.291769867,22,-0.137633508,508,1212.227952,2.386275496,0.062548749,388,774.4928073,1.996115483,0.039962415,184,651.8361284,3.542587654,0.033633554,25,21.40949968,0.856379987,0.001104691,41,10.43495069,0.254510992,0.000538424,10,22.54012845,2.254012845,0.001163029,10,340.2341178,34.02341178,0.017555459,48,80.59894263,1.679144638,0.004158758,51,22.99515353,0.450885363,0.001186508,21,6.467133285,0.307958728,0.000333692,78,482.8185025,6.189980801,0.024912553,64,214.1009839,3.345327874,1,160,10.62853924,0.06642837,1
127,Warwickshire,England,Rural,GB-WAR,0,24.1,23285,-68.47311828,0.285473427,10.32258065,1.001477127,-20.79569892,0.257482618,-54.8172043,0.336173197,-56,0.313777566,21.82795699,-0.108606129,1728,5192.774574,3.005077879,0.02593819,1393,2717.017403,1.950479112,0.013571649,637,3258.017211,5.114626705,0.016273972,205,217.4038867,1.060506764,0.001085944,70,17.48195649,0.249742236,8.73E-05,64,97.06842609,1.516694158,0.000484862,39,2074.546653,53.19350393,0.010362473,155,373.8324503,2.41182226,0.001867313,293,120.651409,0.411779553,0.00060266,71,9.896111095,0.139381846,4.94E-05,100,1452.450977,14.52450977,0.007255071,302,782.2600402,2.590265034,1,429,47.1826649,0.109982902,1
128,West Berkshire,England,Rural,GB-WBK,0,15.5,,-71.22580645,0.303944973,-0.505376344,0.747635105,-28.33333333,0.228372773,-63.6344086,0.345796903,-59.70967742,0.327071708,26.82539683,-0.095176126,458,1415.071003,3.089674679,0.021740887,388,1035.132443,2.66786712,0.015903582,156,587.7771561,3.767802283,0.009030499,35,27.34935467,0.781410134,0.00042019,8,2.1222575,0.265282187,3.26E-05,22,17.47794788,0.794452176,0.000268528,9,341.3062485,37.9229165,0.005243766,33,33.65757296,1.019926453,0.000517109,81,38.81833325,0.479238682,0.000596398,20,2.852481525,0.142624076,4.38E-05,41,734.1371274,17.9057836,0.011279146,86,207.8385956,2.416727856,1,123,9.5110839,0.077325885,1
129,West Dunbartonshire Council,Scotland,Rural,GB-WDU,0,,,-58.60215054,0.279460476,-64,-2.108108108,-18.8172043,0.247948435,-50.09677419,0.271791352,-56.20430108,0.27077676,19.79166667,-0.006943545,299,608.8859406,2.036407828,0.033126877,228,329.6009176,1.44561806,0.017932175,108,363.9415249,3.369828934,0.0198005,9,4.077231921,0.453025769,0.000221825,25,8.717987863,0.348719515,0.000474308,10,34.32960727,3.432960727,0.001867727,11,233.1478388,21.19525808,0.012684576,31,36.76159059,1.185857761,0.002000041,28,13.22374917,0.472276756,0.000719448,4,0.657605745,0.164401436,3.58E-05,28,184.2136491,6.579058898,0.010022276,37,84.65650185,2.288013564,1,116,9.10017824,0.078449812,1
130,West Lothian,Scotland,Rural,GB-WLN,0,,18267,-61.02150538,0.170600698,-16.48717949,0.25803517,-12.68817204,0.194085524,-48.77419355,0.233923189,-56.07526882,0.239399003,23.08333333,-0.109929872,509,1446.256416,2.841368205,0.034166518,405,937.484581,2.314776743,0.022147237,169,650.8754822,3.851334214,0.015376353,8,6.99542398,0.874427997,0.000165261,30,9.18360403,0.306120134,0.000216954,19,37.75737647,1.987230341,0.000891984,15,460.3629117,30.69086078,0.010875663,54,38.6068982,0.714942559,0.000912054,41,14.55057034,0.35489196,0.000343744,5,0.618421255,0.123684251,1.46E-05,52,719.0388567,13.82767032,0.016986652,65,142.103647,2.186209954,1,220,17.0387065,0.077448666,1
131,West Midlands,England,Urban,,0,,17150,-67.31182796,0.251633792,20.02150538,1.105756319,-23.75268817,0.223642983,-65.38709677,0.248769061,-55.07526882,0.33090627,20.64516129,-0.118170153,3233,9396.933143,2.906567629,0.104220496,2306,6807.886101,2.95224896,0.07550562,1371,4237.762099,3.091000801,0.047000618,363,510.0330102,1.405049615,0.005656728,220,51.95852318,0.236175105,0.000576267,91,458.6430979,5.040034043,0.005086767,54,1722.990085,31.90722379,0.01910952,486,783.7542277,1.61266302,0.008692544,456,201.6539956,0.442223674,0.002236525,167,30.34420656,0.181701836,0.000336545,279,3932.953766,14.09660848,0.043620018,444,1648.715056,3.713322199,1,673,55.88717441,0.083041864,1
132,West Sussex,England,Rural,GB-WSX,0,16.7,23276,-65.4516129,0.302288801,33.03225806,1.395317955,-22.83870968,0.260511474,-76.38709677,0.151010116,-55.19354839,0.315448659,20.90322581,-0.114126705,2039,4588.077891,2.25016081,0.023404003,1661,2448.399929,1.474051733,0.012489404,696,3024.30402,4.345264397,0.015427118,191,143.3224524,0.750379332,0.000731095,57,18.05025356,0.316671115,9.21E-05,77,101.9809419,1.324427817,0.00052021,33,1834.107696,55.5790211,0.00935587,160,269.5935902,1.684959939,0.00137521,282,116.9674027,0.414778024,0.000596656,128,17.9264226,0.140050177,9.14E-05,97,1146.674586,11.82138749,0.005849241,318,884.6260576,2.781842948,1,696,54.82848764,0.078776563,1
133,West Yorkshire,England,Urban,,0,26.2,17086,-66.94623656,0.261436543,23.34408602,1.03116887,-23.02150538,0.239727254,-61.40860215,0.260481633,-54.87096774,0.293336516,20.79569892,-0.110321984,4735,10990.37443,2.321092804,0.054159554,3721,6651.737533,1.787620944,0.032779151,1984,6504.413955,3.278434453,0.032053154,576,686.1577481,1.19124609,0.003381322,315,81.4551136,0.258587662,0.000401403,260,429.6660612,1.652561774,0.002117355,92,3441.978044,37.41280483,0.016961751,451,790.7744224,1.753380094,0.003896864,534,245.1329019,0.459050378,0.001207992,156,24.42931654,0.156598183,0.000120385,311,3036.245183,9.762846246,0.014962337,970,2165.777058,2.232759853,1,1070,88.75858095,0.082951945,1
134,Wiltshire,England,Rural,GB-WIL,0,20.7,22522,-65.83870968,0.279042702,-0.655913978,0.918668497,-24.96774194,0.242726269,-48.1827957,0.410760646,-55.06451613,0.314971203,20.92473118,-0.110814359,1823,4104.86329,2.251707784,0.012796507,1573,2583.028854,1.642103531,0.008052338,526,2137.836086,4.06432716,0.006664493,163,103.3704515,0.634174549,0.000322247,36,10.12194756,0.28116521,3.16E-05,102,72.09506943,0.706814406,0.000224749,30,1281.242657,42.70808855,0.003994148,106,220.283586,2.078147038,0.000686712,380,134.4814434,0.353898535,0.000419233,78,10.18624541,0.13059289,3.18E-05,112,1608.155463,14.35853092,0.005013266,276,616.0016507,2.231890039,1,540,48.92477642,0.090601438,1
135,Windsor and Maidenhead,England,Rural,GB-WNM,0,14.4,,-72.52688172,0.256453105,-14.44086022,0.972024111,-22.30107527,0.285712154,-60.39784946,0.474471069,-62.33333333,0.305795112,27.44230769,-0.087183185,291,3402.825764,11.69355933,0.182728731,225,2900.778387,12.89234839,0.155769232,102,590.0547001,5.784850001,0.031685415,26,26.07917156,1.00304506,0.001400428,6,1.450777165,0.241796194,7.79E-05,18,22.52486611,1.251381451,0.001209565,13,421.1076045,32.39289265,0.022613106,30,76.48088826,2.549362942,0.004106956,24,11.32631494,0.471929789,0.000608213,17,3.008107076,0.176947475,0.000161533,44,2746.486135,62.42013942,0.147483874,36,88.00732315,2.444647865,1,77,6.354576863,0.082526972,1
136,Wokingham,England,Urban,GB-WOK,0,23.2,13138,-65.34408602,0.224374086,19.3030303,1.040155876,-30.64516129,0.267718063,-60.48387097,0.271164692,-64.44086022,0.322371759,29.42857143,-0.087146042,458,1433.74023,3.130437184,0.069388908,355,864.7714725,2.435975979,0.041852455,162,785.9515536,4.8515528,0.038037797,30,50.15112055,1.671704018,0.00242717,12,3.77435284,0.314529403,0.000182668,9,9.80518585,1.089465094,0.000474543,12,444.6748745,37.05623954,0.021520986,48,117.5599297,2.449165201,0.005689563,39,16.33364886,0.418811509,0.000790502,31,2.959600915,0.095470997,0.000143236,47,556.2724583,11.83558422,0.026921989,59,216.9827957,3.677674503,1,171,15.22626321,0.089042475,1
137,Worcestershire,England,Rural,GB-WOR,0,18.6,21468,-67.48387097,0.305123691,30.62365591,1.229611172,-24.44086022,0.251216019,-51.82795699,0.386395512,-54.03225806,0.335098923,20.39784946,-0.118543165,1446,3842.428317,2.657280993,0.022508938,1148,2249.686213,1.95965698,0.013178658,528,2126.880943,4.028183604,0.012459265,128,133.3695488,1.0419496,0.000781279,48,11.57590165,0.241164618,6.78E-05,55,77.7275376,1.413227956,0.000455328,33,1239.216547,37.55201657,0.007259328,150,330.1769944,2.201179963,0.001934176,253,137.0691523,0.541775305,0.000802951,67,11.77266102,0.175711358,6.90E-05,140,1333.929936,9.528070971,0.007814159,230,534.138839,2.322342778,1,342,33.45119905,0.097810524,1
138,Wrexham Principal Area,Wales,Urban,GB-WRX,0,23.5,18840,-67.13978495,0.166930262,-14.2238806,0.400837017,-23.17204301,0.178866641,-43.48387097,0.317627048,-49.40860215,0.240682164,20.77777778,-0.065320119,422,851.6594262,2.018150299,0.015529394,329,658.7955877,2.0024182,0.012012661,164,353.1102707,2.153111407,0.006438711,14,11.95325679,0.853804056,0.000217959,26,5.448706005,0.209565616,9.94E-05,33,25.62146773,0.776408113,0.000467189,5,131.8973011,26.37946023,0.002405052,42,53.10988996,1.264521189,0.00096842,57,23.85064008,0.418432282,0.000434899,20,2.407941365,0.120397068,4.39E-05,31,427.1935403,13.78043678,0.007789566,71,160.2464323,2.256992004,1,123,9.930250575,0.080733745,1
139,York,England,Urban,GB-YOR,0,28.3,19777,-74.10752688,0.221389991,-21.81111111,0.560862797,-32.10752688,0.239548208,-72.10752688,0.267479335,-64.41935484,0.226970249,24.36619718,-0.121331449,431,862.1605913,2.000372602,0.030987572,327,381.7934391,1.167564034,0.013722329,159,615.2888121,3.869740957,0.022114565,51,55.07912591,1.079982861,0.001979641,19,6.754847045,0.355518266,0.000242781,16,26.31141983,1.644463739,0.000945679,12,376.427878,31.36898983,0.013529482,40,93.33893453,2.333473363,0.003354766,60,19.25428954,0.320904826,0.000692033,33,3.845492682,0.116530081,0.000138214,30,132.0836363,4.402787877,0.004747319,55,134.9216598,2.453121088,1,115,14.14330766,0.122985284,1
